Date,Open,High,Low,Close,Volume,Dividends,Stock Splits,20_day_MA,200_day_MA,Volatility,Daily_Return
2023-09-27,80.68277500200902,81.11806145856218,79.2173564313525,80.44149017333984,15352000,0.0,0.0,,,,
2023-09-28,80.77239228422555,82.61303349936932,80.23172731341512,81.93743896484375,16180000,0.0,0.0,,,,0.01859673146631602
2023-09-29,82.37567476153322,83.12315949913854,81.04222552479614,81.7975845336914,16481000,0.0,0.0,,,,-0.0017068440619965042
2023-10-02,81.64789993391835,82.58348819469147,81.10033747283127,82.22796630859375,14676000,0.0,0.0,,,,0.0052615462590472895
2023-10-03,81.44502545859892,82.30674734379893,79.66347887588854,80.24649810791016,18761000,0.0,0.0,,,,-0.02409725412942032
2023-10-04,80.78814831702427,81.79759546870267,80.39126395282389,81.13086700439453,16417000,0.0,0.0,,,,0.011020654076332903
2023-10-05,80.7664938057355,81.6055622162944,80.31051478993409,81.13580322265625,11474000,0.0,0.0,,,,6.0842666225413566e-05
2023-10-06,80.69656071218947,83.55156283971745,79.94020984314876,83.24331665039062,21103000,0.0,0.0,,,,0.025975134823659207
2023-10-09,82.77060734679723,84.36110528035242,82.51159786670203,84.2892074584961,15760000,0.0,0.0,,,,0.012564261615116257
2023-10-10,84.41427329947399,85.93090473759842,84.27344554511673,84.53836822509766,14718000,0.0,0.0,,,,0.0029560221778601736
2023-10-11,84.66639467943081,86.20567219882125,84.35518810155936,86.12886047363281,14334000,0.0,0.0,,,,0.018813850822152256
2023-10-12,86.31301841855327,90.4000438212659,86.31301841855327,89.18575286865234,43871000,0.0,0.0,,,,0.035492079869736015
2023-10-13,89.52060231041096,91.18594340333527,86.87043612609298,86.977783203125,28312000,0.0,0.0,,,,-0.024756977370355537
2023-10-16,87.74495140585496,90.18928923143207,87.74495140585496,88.8873519897461,21150000,0.0,0.0,,,,0.021954672978518497
2023-10-17,87.17178978242298,87.94290498103034,85.28584888661341,87.09793090820312,33008000,0.0,0.0,,,,-0.020131335240466952
2023-10-18,86.65968489203085,88.20389138592427,86.19188697206256,87.35694122314453,20404000,0.0,0.0,,,,0.002973782640306233
2023-10-19,87.35595766214948,87.59920356620366,85.25335401278215,85.46607208251953,26620000,0.0,0.0,,,,-0.021645322216525043
2023-10-20,86.16234111321312,86.16234111321312,83.89133479908882,84.06761932373047,26953000,0.0,0.0,,,,-0.01636266561354105
2023-10-23,84.49404393082227,86.03431318664387,83.00301893078323,84.91358184814453,16456000,0.0,0.0,,,,0.010062881894590037
2023-10-24,85.08889145184017,86.96006067335247,85.00222185266357,86.77392578125,14972000,0.0,0.0,84.39221801757813,,2.8006438250130814,0.02190867341378233
2023-10-25,86.37605406286615,86.53953538689449,83.32408209992275,83.67369079589844,21432000,0.0,0.0,84.55382804870605,,2.649867779054227,-0.03572772532116386
2023-10-26,83.50429721851523,84.14541925743013,80.59216896234335,81.42041015625,27917000,0.0,0.0,84.52797660827636,,2.6790968194729348,-0.026929380289256843
2023-10-27,81.74048464256255,82.74599475282393,81.5966965089547,82.56379699707031,18236000,0.0,0.0,84.56628723144532,,2.6432360766508127,0.01404300025787264
2023-10-30,82.8336321566099,83.65399156991437,81.45979706062361,82.84840393066406,20889000,0.0,0.0,84.59730911254883,,2.6178674862524125,0.0034471153695105894
2023-10-31,83.10839668028063,83.26695657048475,81.99653142167256,82.86022186279297,14747000,0.0,0.0,84.72799530029297,,2.449035378930484,0.00014264526011631418
2023-11-01,82.92226398758586,84.08731818180951,82.28902372139703,83.99966430664062,18684000,0.0,0.0,84.87143516540527,,2.307166701924373,0.013751380556697557
2023-11-02,84.89191273444145,86.71384501121557,84.69495073817218,85.80780029296875,18759000,0.0,0.0,85.1050350189209,,2.139451496702181,0.02152551443214734
2023-11-03,86.41839830854725,87.40322336049651,85.78417374010367,86.92853546142578,18041000,0.0,0.0,85.28929595947265,,2.129342845548894,0.013060994042855878
2023-11-06,86.81823582556477,87.24466375208179,85.79894580048509,86.74634552001953,12870000,0.0,0.0,85.41215286254882,,2.1394644947712584,-0.002095858861985489
2023-11-07,86.89308142571741,88.80856574580102,86.2864243582772,88.4195556640625,19365000,0.0,0.0,85.60621223449706,,2.2301362878395623,0.01928853756331228
2023-11-08,88.63425270191503,89.90566217632619,88.53577170163663,89.73036193847656,15280000,0.0,0.0,85.78628730773926,,2.412506431334067,0.014824845754646043
2023-11-09,89.86528191457302,91.56903248316475,89.47726362671513,89.7549819946289,24486000,0.0,0.0,85.81474876403809,,2.4576575140542127,0.000274378210679993
2023-11-10,90.77526611530429,94.43979320975394,90.42761849078953,94.29896545410156,36272000,0.0,0.0,86.18080787658691,,3.101025525881502,0.050626531903761984
2023-11-13,93.56329676589083,93.79473124283565,92.62081851610023,93.25603485107422,16893000,0.0,0.0,86.39924201965331,,3.4373338286197264,-0.01105983080519557
2023-11-14,94.77364605434438,96.19474924871672,94.07540552048258,95.81952667236328,23886000,0.0,0.0,86.83532180786133,,4.032370977343534,0.027488749927903733
2023-11-15,96.46458833173212,96.68519567972687,95.22371426336474,96.05982971191406,16099000,0.0,0.0,87.27046623229981,,4.530439412490278,0.002507871285697849
2023-11-16,94.93713293948605,95.40000189866998,93.60958924015787,94.49888610839844,26198000,0.0,0.0,87.72210693359375,,4.784225028431683,-0.016249701963837904
2023-11-17,94.36690967397332,96.89594089969512,93.65685023148822,96.28929138183594,19789000,0.0,0.0,88.33319053649902,,5.065155890028591,0.0189463108737995
2023-11-20,95.8234790076144,98.46970039300982,95.8234790076144,98.06001281738281,18674000,0.0,0.0,88.99051208496094,,5.437376473401562,0.018389598782330374
2023-11-21,96.02044062629147,97.59615917487098,95.68855657408108,96.63103485107422,43344000,0.0,0.0,89.48336753845214,,5.6677406558312695,-0.014572483984575668
2023-11-22,96.87625756736246,97.29973263493987,95.62650984348923,95.72499084472656,33743000,0.0,0.0,90.08593254089355,,5.658185615337373,-0.009376325191425616
2023-11-24,96.01650771872659,96.49906990187738,95.20796717331815,96.40157318115234,23158000,0.0,0.0,90.83499069213867,,5.437978053583203,0.007067980163333321
2023-11-27,96.13369350451583,96.61231853072269,93.49239354709553,93.58201599121094,96962000,0.0,0.0,91.3859016418457,,5.103785727415643,-0.029248041260105273
2023-11-28,92.56764948529374,93.64307375708489,91.9984177181527,93.19892120361328,39025000,0.0,0.0,91.90342750549317,,4.701430121995354,-0.004093679576572029
2023-11-29,93.3948994049656,94.4870715388748,92.51150820023818,92.6552963256836,34843000,0.0,0.0,92.3931812286377,,4.192436942927426,-0.005832952473151742
2023-11-30,92.67204125280848,92.8118847352337,90.44338155030275,91.168212890625,49571000,0.0,0.0,92.75160865783691,,3.7164926841627213,-0.01604963228255718
2023-12-01,90.84617393293107,91.97281102768285,89.42211774891612,91.58872985839844,29612000,0.0,0.0,93.0406551361084,,3.3552699688966334,0.004612539331860566
2023-12-04,90.66693376364238,91.68425518616806,90.25330154408462,90.99488067626953,25009000,0.0,0.0,93.24397239685058,,3.077074163723039,-0.006483867426123613
2023-12-05,89.77665950321754,90.33504914233117,89.21038056392939,89.92634582519531,37066000,0.0,0.0,93.40297241210938,,2.7926707996899265,-0.011742801827233751
2023-12-06,90.63935352717496,90.69942490469028,88.93954016799199,88.99272155761719,24813000,0.0,0.0,93.4316307067871,,2.741308157480686,-0.010382099472750372
2023-12-07,89.17984488821328,91.00965144171403,88.9927257317641,90.82646942138672,43517000,0.0,0.0,93.48643608093262,,2.6735354093715467,0.02060559371231596
2023-12-08,91.37600642486069,93.630272464944,89.67127896804291,92.99703216552734,69668000,0.0,0.0,93.64853858947754,,2.5298040515630955,0.023897909474718926
2023-12-11,94.2487313284893,102.37353736727746,94.15813211934243,101.36212921142578,101184000,0.0,0.0,94.00169677734375,,3.06233719919967,0.08995015057049582
2023-12-12,101.23903144891794,106.30103148420426,100.90320274876927,105.60081481933594,90242000,0.0,0.0,94.61893577575684,,4.003578145208154,0.041817251086635254
2023-12-13,105.17931496736524,108.30908274463236,104.64159533796561,107.31539916992188,71654000,0.0,0.0,95.19372940063477,,4.908076755530139,0.016236468946942084
2023-12-14,107.56062525323078,110.44419439978195,107.37350608822773,108.96990966796875,66964000,0.0,0.0,95.8392333984375,,5.796526346876461,0.015417270129398197
2023-12-15,107.86001618668342,113.24306595884869,107.80092157226673,111.25962829589844,118544000,0.0,0.0,96.6772705078125,,6.729121942065487,0.021012393558060838
2023-12-18,110.37919013411255,113.43411476393771,110.16646456351941,112.95942687988281,54741000,0.0,0.0,97.51077728271484,,7.64819888518222,0.015277766158482198
2023-12-19,112.98417133299762,113.82116509270068,112.04527729863665,112.7447509765625,36020000,0.525,0.0,98.24501419067383,,8.374127434987711,-0.0019004691263934115
2023-12-20,112.06405885687956,112.92084381206506,109.74502023129432,109.85582733154297,34523000,0.0,0.0,98.90625381469727,,8.753512051041401,-0.025623575554484912
2023-12-21,112.05912039314059,112.33317172755977,110.31291211905561,111.52882385253906,24106000,0.0,0.0,99.69644546508789,,9.15531561074878,0.015229019357771767
2023-12-22,111.59708957792604,111.9948100966712,110.16747411172085,111.00347900390625,19089000,0.0,0.0,100.42654075622559,,9.456015395708569,-0.004710395308457738
2023-12-26,111.22707769698616,112.34108915696187,111.10637494365102,111.98393249511719,16793000,0.0,0.0,101.3466365814209,,9.648295661083944,0.008832637499374574
2023-12-27,112.39055066067273,112.74375207736702,111.10043291360469,111.41801452636719,20055000,0.0,0.0,102.2575912475586,,9.698489285144413,-0.005053563990304322
2023-12-28,111.96414191963409,112.01855666257667,110.71359919012744,111.0460205078125,21247000,0.0,0.0,103.17712745666503,,9.611601208862188,-0.0033387241743269014
2023-12-29,110.9520336648221,111.2409246858003,110.28026183912205,110.43657684326172,20558000,0.0,0.0,104.14054565429687,,9.305337353644116,-0.00548820805791872
2024-01-02,108.04927420284625,109.02675445015919,106.56227749861769,107.38245391845703,28831000,0.0,0.0,104.9302318572998,,8.842738815643763,-0.027654994496427387
2024-01-03,105.88060362423758,106.35549660468958,104.40745789709945,104.7309799194336,34735000,0.0,0.0,105.61703681945801,,8.214551380092338,-0.02469187378635329
2024-01-04,104.66963242141296,105.81134560771687,103.62190901803382,103.78416442871094,25658000,0.0,0.0,106.30992774963379,,7.361557020832116,-0.009040452896086792
2024-01-05,104.04041480827472,104.42229927057328,103.04215449740346,103.81088256835938,22475000,0.0,0.0,107.0508358001709,,6.17737218608326,0.00025743946386724836
2024-01-08,104.52518985421,106.65230120710748,104.07997628834725,106.34065246582031,33110000,0.0,0.0,107.82654495239258,,4.868147910983576,0.024369024083723545
2024-01-09,105.4274761960492,107.69607042362445,105.33744920094261,107.09651947021484,23225000,0.0,0.0,108.53151931762696,,3.410179252713669,0.007107977869869497
2024-01-10,106.88480143784474,107.14301670493725,105.12869758988441,106.90656280517578,17643000,0.0,0.0,108.80874099731446,,2.9970197491211565,-0.0017736959705015876
2024-01-11,107.27756736704413,108.95748751234889,106.30700890135587,108.82689666748047,25757000,0.0,0.0,108.97004508972168,,2.9005405958588133,0.017962731304010493
2024-01-12,110.02599488871304,110.3811739201297,108.8298669449776,109.58869934082031,26882000,0.0,0.0,109.08371009826661,,2.8767311904076176,0.00700013228960783
2024-01-16,110.04974831750162,111.42494907803811,108.69334249573092,110.3089599609375,26145000,0.0,0.0,109.15066261291504,,2.8894973010169487,0.006572398654693279
2024-01-17,109.45119010744766,110.12592843366448,107.86031547970617,109.19197845458984,18314000,0.0,0.0,109.0472801208496,,2.846742462909966,-0.010125936340467767
2024-01-18,111.29237190072459,113.43432311089421,110.9935927627854,113.17313385009766,32228000,0.0,0.0,109.05796546936035,,2.862556858088856,0.03646014525841257
2024-01-19,114.49886454049499,120.40430936487395,114.3692549538562,119.83049011230469,53077000,0.0,0.0,109.41225242614746,,3.668033449897527,0.0588245287174336
2024-01-22,120.33011684506509,121.82206509134534,119.53566461281811,120.75059509277344,31222000,0.0,0.0,109.95699081420898,,4.460713749250822,0.007678387859437308
2024-01-23,120.80005636827595,121.39168931667592,119.07066542736281,121.32540130615234,16952000,0.0,0.0,110.44681968688965,,5.130060158799102,0.004760276443666944
2024-01-24,122.90739089171927,127.087407996635,121.79040539533439,124.05207061767578,34805000,0.0,0.0,111.09924926757813,,5.966187725597549,0.02247401848391961
2024-01-25,126.73618414358623,126.73618414358623,121.57175033144006,121.69047546386719,36356000,0.0,0.0,111.58457641601562,,6.419514175223468,-0.01903712805477431
2024-01-26,120.67143947662298,120.82083281122827,118.74516973070203,119.20521545410156,25818000,0.0,0.0,111.97393646240235,,6.641208887430674,-0.020422798089103966
2024-01-29,120.19753348090879,121.06420653183676,119.2160980904176,120.4804916381836,21526000,0.0,0.0,112.4456600189209,,6.9017825497155805,0.010698157620234738
2024-01-30,120.38156515600528,121.49261019948368,119.14685092769359,119.52973175048828,20683000,0.0,0.0,112.90031776428222,,7.060158149006012,-0.007891401128661935
2024-01-31,117.67864444701966,118.44737249147444,116.18076340143246,116.74370574951172,27400000,0.0,0.0,113.36838035583496,,6.9849989137710145,-0.023308225996794163
2024-02-01,117.47088359846248,119.02812346766291,116.65565882376625,118.72340393066406,19411000,0.0,0.0,114.06800155639648,,6.771830901396204,0.01695764382706888
2024-02-02,119.58810813894529,122.15449295123659,119.23194026369558,121.13050842285156,26689000,0.0,0.0,114.93531875610351,,6.49036977316876,0.02027489452368858
2024-02-05,121.38971910138166,123.44658743223131,120.91383727874471,122.98653411865234,22045000,0.0,0.0,115.89410133361817,,6.168923832432951,0.015322528733402452
2024-02-06,125.01173989003898,125.85664407834093,119.90370588076003,120.96330261230469,25354000,0.0,0.0,116.62523384094239,,5.834534777041863,-0.016450837653459893
2024-02-07,122.0862267886471,124.61006256463097,121.3639953924637,124.36767578125,25768000,0.0,0.0,117.48879165649414,,5.624329166313356,0.028143851031056544
2024-02-08,125.35108093579436,128.21724106255527,125.15420207215337,126.11882019042969,29326000,0.0,0.0,118.44940452575683,,5.356092331427827,0.014080382206866693
2024-02-09,123.87002662503244,127.20612064102332,123.56926232179022,126.97757720947266,26293000,0.0,0.0,119.35693855285645,,5.174489488303115,0.006809110787321826
2024-02-12,127.62759352517001,127.63352638515994,124.55960293076362,125.15321350097656,24778000,0.0,0.0,120.13516426086426,,4.783728389277361,-0.01436760527794978
2024-02-13,122.19701928473744,124.24992458924253,121.40256710841005,123.8324203491211,31907000,0.0,0.0,120.81133728027343,,4.247403549537785,-0.010553409815922676
2024-02-14,125.5727034061242,125.9446997674268,122.81042869866388,124.878173828125,27306000,0.0,0.0,121.5956470489502,,3.340305100010827,0.008444908660071526
2024-02-15,126.63229790235536,126.6372419522787,123.15966516970822,125.16014099121094,21873000,0.0,0.0,122.19499740600585,,2.7775187386882156,0.0022579379121447918
2024-02-16,124.56355857521076,126.20984419791215,122.91628414250785,123.22199249267578,21268000,0.0,0.0,122.36457252502441,,2.728661772234202,-0.015485349274824256
2024-02-20,122.27023947279537,122.45426381198449,119.96504401997822,121.34915161132812,26329000,0.0,0.0,122.39450035095214,,2.7132671048470294,-0.015198917364195208
2024-02-21,120.50325554858435,121.49755306763112,118.9836055404833,121.43819427490234,20640000,0.0,0.0,122.40013999938965,,2.7110442898929534,0.0007337724441569549
2024-02-22,126.80642760841546,129.7022671203043,126.28800434189107,129.10073852539062,40819000,0.0,0.0,122.65257339477539,,3.082549825869192,0.06309830524276738
2024-02-23,129.4440416253629,130.55706424571227,127.50985383799552,128.25680541992188,23115000,0.0,0.0,122.98088989257812,,3.3155622279342882,-0.006537012220908189
2024-02-26,129.60530538209974,130.47494491380647,128.76039364876357,129.51922607421875,16282000,0.0,0.0,123.49659042358398,,3.494667265721305,0.00984291359950551
2024-02-27,129.51920961921766,129.79722370770187,127.84621877973522,128.24295043945312,12126000,0.0,0.0,123.88471336364746,,3.572258461864239,-0.009853947351679437
2024-02-28,127.92340409304602,128.46952912972907,126.9310766650195,127.5692138671875,10967000,0.0,0.0,124.28668746948242,,3.508167877841406,-0.0052535953824901505
2024-02-29,128.94342410193883,129.44700768794732,127.35749358918221,128.6644287109375,27536000,0.0,0.0,124.88272361755371,,3.1539487253150873,0.008585259801712208
2024-03-01,131.1813531910453,139.2772316932168,130.59466426074593,138.42738342285156,44488000,0.0,0.0,125.86792259216308,,4.072427883894653,0.07587920616231769
2024-03-04,138.82111966203698,142.28583405525396,137.04423582744883,138.73306274414062,34854000,0.0,0.0,126.74805030822753,,4.826925308307788,0.002208228702519799
2024-03-05,138.01482213438734,138.01482213438734,131.8185002819306,132.84544372558594,36040000,0.0,0.0,127.24099578857422,,4.924985964272738,-0.042438470701198105
2024-03-06,137.67644991269336,137.99798675955586,133.2718374333034,133.56271362304688,43196000,0.0,0.0,127.87096633911133,,4.885379234807145,0.0053992811296004195
2024-03-07,136.7276570424789,139.92524195112773,135.8273418158534,139.20301818847656,62832000,0.0,0.0,128.61273345947265,,5.422223569216293,0.04222963439742822
2024-03-08,137.9406015675413,139.79563920267142,128.77226525046382,129.47865295410156,74025000,0.0,0.0,128.78072509765624,,5.392858092077383,-0.069857430973289
2024-03-11,126.43244707586561,128.51898714009343,123.92245479008736,127.93527221679688,31105000,0.0,0.0,128.82860984802247,,5.380241820554094,-0.011919962882621205
2024-03-12,129.30849510244005,129.3866639295202,124.58730476660084,127.8125991821289,42789000,0.0,0.0,128.9615791320801,,5.317118143369436,-0.0009588679692656976
2024-03-13,126.9221722457626,126.9221722457626,123.90267107492187,124.44780731201172,37838000,0.0,0.0,128.99234848022462,,5.287572783261927,-0.02632597953291338
2024-03-14,124.90983064212901,125.95756164152638,123.44262530567482,124.88311767578125,38029000,0.0,0.0,128.99259567260742,,5.2873704355989934,0.0034979351840096484
2024-03-15,124.01149554362146,125.38768501568329,121.69740095344095,122.234619140625,88823000,0.0,0.0,128.84631958007813,,5.437317645380876,-0.021207818834505843
2024-03-18,124.06294235183013,124.94346628889589,121.85865853115207,122.4067611694336,25737000,0.0,0.0,128.80555801391603,,5.4845508744353895,0.0014082919390501214
2024-03-19,120.39936717061647,122.70654012865995,119.12013389103335,122.48294830322266,24491000,0.0,0.0,128.86224784851075,,5.40875892933423,0.0006224095226536885
2024-03-20,123.10492074354256,127.970413199679,121.869913323796,126.77912902832031,40946000,0.525,0.0,129.12929458618163,,5.148506800957525,0.03507574551897541
2024-03-21,131.97747366990453,139.4580302998254,130.75340463682966,133.9328155517578,72468000,0.0,0.0,129.3708984375,,5.259281885687517,0.05642637379090587
2024-03-22,134.13153525534827,136.73666179711924,133.7490174459647,134.47630310058594,38624000,0.0,0.0,129.6818733215332,,5.37259478161525,0.004057911771578437
2024-03-25,133.63772810900971,134.97008949161392,132.8865796836885,134.28851318359375,21237000,0.0,0.0,129.92033767700195,,5.469956657080431,-0.001396453595632563
2024-03-26,135.5910687538461,137.10626729784542,132.19505798517864,132.2924346923828,23522000,0.0,0.0,130.12281188964843,,5.479537970084618,-0.01486410448585418
2024-03-27,134.1315254079611,134.1315254079611,128.76825649803808,131.02464294433594,25583000,0.0,0.0,130.29558334350585,,5.449175832574199,-0.009583252065734849
2024-03-28,130.9421635228277,132.1533308059718,130.30926801278088,131.68833923339844,19856000,0.0,0.0,130.4467788696289,,5.443483451377493,0.00506543100708523
2024-04-01,131.7151687131544,135.42118412939527,131.68834956293418,134.15736389160156,17252000,0.0,0.0,130.2332778930664,,5.19192423741201,0.018748999893051455
2024-04-02,130.7325350686699,133.37344064219297,129.50250784689746,133.0147705078125,24694000,0.0,0.0,129.94736328125,,4.845078261275663,-0.008516814512785631
2024-04-03,131.94568563350612,136.79628293596178,131.6744316853974,135.44403076171875,28650000,0.0,0.0,130.07729263305663,,4.960357235647746,0.018263086457481537
2024-04-04,137.6408035199368,139.4947966336391,130.65404358489238,130.90243530273438,27014000,0.0,0.0,129.94427871704102,,4.89724187203153,-0.033531159944392264
2024-04-05,131.74696670078103,135.24729764304647,130.57454996694523,133.08131408691406,19438000,0.0,0.0,129.6381935119629,,4.459876988904053,0.016645059193441725
2024-04-08,132.50705398536593,133.38635522680048,130.72856075905713,132.75047302246094,17139000,0.0,0.0,129.80178451538086,,4.513401929696876,-0.002486006895281001
2024-04-09,134.86378620269699,135.0734273575535,130.02213373729984,132.54977416992188,18008000,0.0,0.0,130.03250961303712,,4.530876760557069,-0.0015118503758936308
2024-04-10,131.44890499518146,132.7156967389643,130.7017437717337,131.3863067626953,17467000,0.0,0.0,130.21119499206543,,4.509138295992653,-0.008777588754961263
2024-04-11,132.41068580527832,138.29159973634424,131.51349496951985,137.35665893554688,31713000,0.0,0.0,130.85663757324218,,4.564296972327926,0.04544120555603226
2024-04-12,134.33122621091596,135.77189500963775,132.8021254812383,133.54232788085938,27823000,0.0,0.0,131.2895980834961,,4.374593073254229,-0.027769538690347262
2024-04-15,136.11867556379485,136.11867556379485,129.75985298856986,130.225830078125,24370000,0.0,0.0,131.68915863037108,,3.835774900616171,-0.024834805977721253
2024-04-16,130.69179919229984,132.7723376497625,130.25662852720467,132.05101013183594,18923000,0.0,0.0,132.1713710784912,,3.152840571023913,0.014015499479757443
2024-04-17,133.44696268323696,133.83345254949137,127.31764243816076,127.4378662109375,24718000,0.0,0.0,132.41911697387695,,2.4728062212031032,-0.03493455988176697
2024-04-18,127.9714193486392,128.43342431713188,124.73834726904941,125.08908081054688,24888000,0.0,0.0,132.3346145629883,,2.69461250534799,-0.018430828059400106
2024-04-19,125.08907372144802,125.18942191049928,118.98558728335024,119.69599151611328,44797000,0.0,0.0,131.62277336120604,,3.873010407496732,-0.04311398932255062
2024-04-22,121.66225913265468,122.5266650308886,119.28167681412793,121.65828704833984,25162000,0.0,0.0,130.98187255859375,,4.400581668759234,0.01639399538256381
2024-04-23,122.0269043673691,124.9807782657894,122.01200147065131,124.1153793334961,22025000,0.0,0.0,130.47321586608888,,4.582446403716725,0.02019667007295567
2024-04-24,125.5769196670025,127.73494405922303,123.6951067512184,124.87347412109375,20108000,0.0,0.0,130.1022678375244,,4.725479577391696,0.0061079842938776
2024-04-25,126.42641844008301,129.96152043058405,124.89135187293238,128.60928344726562,30410000,0.0,0.0,129.9814998626709,,4.731526492122373,0.029916756560717905
2024-04-26,130.1572481661741,134.71075732004496,129.4746713056518,133.54232788085938,24100000,0.0,0.0,130.07419929504394,,4.7845906595514105,0.038356830093190464
2024-04-29,133.54334724548735,134.42762119741204,131.7171737944426,133.0008544921875,13372000,0.0,0.0,130.01637382507323,,4.739420626542896,-0.004054694846677753
2024-04-30,132.03312389408148,133.96760491013083,129.06931201662513,129.19052124023438,22113000,0.0,0.0,129.82516136169434,,4.688959346629286,-0.028648938132776802
2024-05-01,127.01063667958582,128.40560392880516,123.33642825374358,123.48645782470703,30958000,0.0,0.0,129.22728271484374,,4.697136568953421,-0.04415233688019904
2024-05-02,124.81981418611372,125.63155963404333,121.54402720322058,123.06021118164062,29480000,0.0,0.0,128.83517150878907,,4.873939064826785,-0.003451768319984394
2024-05-03,125.09006777087698,127.56206105958881,123.91169287945537,126.98876953125,24898000,0.0,0.0,128.53054428100586,,4.784150788945589,0.03192387134628505
2024-05-06,127.79455025361777,130.23375870521573,126.68673291159637,130.1880645751953,16287000,0.0,0.0,128.40242385864258,,4.698740899355052,0.02519352739423164
2024-05-07,130.79710390217608,131.05046828539247,128.8417621522159,129.47268676757812,12413000,0.0,0.0,128.2485694885254,,4.605241175991242,-0.005494956929818939
2024-05-08,128.51787791929937,132.93030259314617,128.02009389366387,131.6843719482422,13918000,0.0,0.0,128.26347274780272,,4.616398577437643,0.017082252912804297
2024-05-09,130.93521612687059,131.3107751532777,129.36239214674868,129.72703552246094,12170000,0.0,0.0,127.88199157714844,,4.113245638490805,-0.014863847522852414
2024-05-10,130.68485072962102,133.53538221400396,130.68485072962102,132.42259216308594,16300000,0.0,0.0,127.82600479125976,,4.039098128717236,0.020778680633292357
2024-05-13,133.93281156593957,134.96512895657216,132.15531905364261,132.89056396484375,18507000,0.0,0.0,127.9592414855957,,4.164432848575752,0.003533927210709553
2024-05-14,132.37688618962028,137.30995738000286,131.7271016831102,137.11521911621094,19420000,0.0,0.0,128.21245193481445,,4.561362695405706,0.03179048252428829
2024-05-15,137.1122304050835,142.96931144888507,136.11667747588135,142.69309997558594,32757000,0.0,0.0,128.97521362304687,,5.585543557953376,0.040680246112194896
2024-05-16,141.68263597488368,143.61014288951287,139.6020976946132,140.30455017089844,28395000,0.0,0.0,129.73598709106446,,6.045633277974917,-0.016739070109880405
2024-05-17,140.3333708690596,141.03979543127932,137.28907154363677,138.6313934326172,18174000,0.0,0.0,130.68275718688966,,5.870726770451911,-0.01192517802340165
2024-05-20,138.70193708023254,140.78246022379153,138.4197523327169,140.4933319091797,27170000,0.0,0.0,131.62450942993163,,5.857570867137747,0.013430857401483864
2024-05-21,138.96819952841628,140.03230873834616,138.44955449754676,139.01986694335938,15333000,0.0,0.0,132.3697338104248,,5.799767160516299,-0.010487792878119073
2024-05-22,138.70292750281493,139.59614618688093,137.53151130610212,138.32835388183594,21002000,0.0,0.0,133.0424777984619,,5.6632157387300355,-0.004974203160510671
2024-05-23,141.92407984980582,141.9807047947779,136.91352267085335,138.43267822265625,31039000,0.0,0.0,133.53364753723145,,5.684440127856123,0.0007541790088056999
2024-05-24,139.0784971249789,140.44862361960227,138.30648768244882,139.87831115722656,16730000,0.0,0.0,133.8504467010498,,5.858829498130155,0.010442858963150004
2024-05-28,140.0929304524583,140.8063137786103,138.3581604922358,140.3363494873047,22919000,0.0,0.0,134.21722145080565,,6.029953444724093,0.0032745486150693726
2024-05-29,139.0099424451749,139.0099424451749,137.41029920077779,138.17236328125,26861000,0.0,0.0,134.66631355285645,,5.970048884286957,-0.015419997840619648
2024-05-30,137.01287817542945,137.38845243052498,134.69190720457064,135.53048706054688,21728000,0.0,0.0,135.26851501464844,,5.359167647824124,-0.01912014934075912
2024-05-31,135.26021911142095,135.3784568420034,129.88501878086532,132.0003204345703,73091000,0.0,0.0,135.71552047729492,,4.607402598186344,-0.026047029731395388
2024-06-03,134.39980283104174,134.42960862608373,129.41507924252147,131.33961486816406,26278000,0.0,0.0,135.9330627441406,,4.263559733381619,-0.0050053330494280734
2024-06-04,131.1905565683033,132.3421122801926,129.86018126609667,132.22586059570312,23048000,0.0,0.0,136.03495254516602,,4.141647292279551,0.006747741177927535
2024-06-05,133.7341082778006,140.52512942105582,133.1916155453932,140.3999481201172,32947000,0.0,0.0,136.58131561279296,,3.9465588327020273,0.06181912893278385
2024-06-06,141.2723009187017,141.35377413660964,137.9309438648768,139.22555541992188,20172000,0.0,0.0,136.95837478637696,,3.812028609516904,-0.008364623462613907
2024-06-07,139.87235928684788,141.58328158987155,138.80327731257762,139.75909423828125,17859000,0.0,0.0,137.45997772216796,,3.453597148895083,0.003832190266723323
2024-06-10,140.07304480746637,143.97279757381517,140.00647449697635,143.1203155517578,31082000,0.0,0.0,137.99486389160157,,3.460768387903092,0.024050108021921535
2024-06-11,142.894798400992,145.55855100922955,140.71192574278734,145.16310119628906,34844000,0.0,0.0,138.60849075317384,,3.593564633067444,0.014273205286446489
2024-06-12,149.0350295797132,149.61130018003,146.69021117456728,148.5889129638672,56697000,0.0,0.0,139.18217544555665,,4.206242938306953,0.023599742216486197
2024-06-13,169.8999423725095,172.46831951706264,164.18891865663326,166.8188934326172,89061000,0.0,0.0,140.3884651184082,,7.4640048795933405,0.12268735335040137
2024-06-14,167.60083401475092,173.59998549640918,167.127898222849,172.38783264160156,69705000,0.0,0.0,141.99262924194335,,10.338995261860003,0.033383144405245924
2024-06-17,178.84204336474136,183.1143840994691,176.71382474669127,181.71046447753906,87528000,0.0,0.0,144.14658279418944,,13.580984866623867,0.05407940742151718
2024-06-18,182.77557576726156,183.9708396769428,177.3526949431439,179.09242248535156,86797000,0.0,0.0,146.07653732299804,,15.623516062633648,-0.014407766771798225
2024-06-20,179.1858089923283,179.31399209975265,171.114078542153,172.3401336669922,68157000,0.0,0.0,147.7425506591797,,16.578773233097206,-0.03770281692912869
2024-06-21,168.47515589760988,170.2973571919336,164.0796200222713,164.79598999023438,99999000,0.0,0.0,149.0659324645996,,16.84202860073545,-0.04377473497458895
2024-06-24,163.66669014653525,165.55548204464276,158.54452973745867,158.6990203857422,58575000,0.525,0.0,150.0792495727539,,16.778147875108136,-0.036997075018958214
2024-06-25,159.48844138229066,160.0775073562791,155.8872790500349,157.56077575683594,56810000,0.0,0.0,150.96337280273437,,16.67790736594028,-0.007172348172909793
2024-06-26,159.23825468463144,161.28751437256338,156.84313242553938,158.6781005859375,46479000,0.0,0.0,151.880460357666,,16.566709956042068,0.007091389489132238
2024-06-27,158.67810478993303,160.035639371511,156.58499817118255,158.14585876464844,31649000,0.0,0.0,152.87913513183594,,16.29668671885137,-0.003354223546435775
2024-06-28,159.06482428879465,163.38561966381212,158.0800718618695,160.0266571044922,69377000,0.0,0.0,154.10394363403321,,15.838271977351187,0.011892808035161684
2024-07-01,160.29279171950384,164.3344909285626,158.82760959808692,163.54209899902344,47623000,0.0,0.0,155.68103256225587,,15.073383222617439,0.02196785184505723
2024-07-02,163.54210449221003,165.37606883886107,161.66826275915494,165.2046356201172,32539000,0.0,0.0,157.37428359985353,,14.063358833771119,0.01016580214678342
2024-07-03,166.45253443688554,172.35511779785156,165.90034972843986,172.35511779785156,39954000,0.0,0.0,159.38074645996093,,13.117380036772355,0.04328257588471485
2024-07-05,174.98047525441066,175.968223786503,169.04400711120454,169.77259826660156,45240000,0.0,0.0,160.84937896728516,,12.510689684121154,-0.014983712489924028
2024-07-08,169.94105313141404,175.11404128770255,169.94105313141404,174.01365661621094,36398000,0.0,0.0,162.58878402709962,,11.740679692158656,0.0249808178287374
2024-07-09,175.0801618460189,176.51743595025346,169.99687482915462,172.7627716064453,37802000,0.0,0.0,164.2389678955078,,10.629850680892561,-0.0071884301157147945
2024-07-10,174.02761615872078,176.06989492163692,172.0700502240066,173.89703369140625,41074000,0.0,0.0,165.77780380249024,,9.588373506746594,0.006565431165603153
2024-07-11,175.88750703669106,175.9084343003887,166.3030331859139,170.03575134277344,51026000,0.0,0.0,167.02143630981445,,8.300389784889717,-0.02220441756059488
2024-07-12,170.54207491796734,172.02520342163967,168.57653954573757,169.5094757080078,30453000,0.0,0.0,168.06746444702148,,7.084385598707905,-0.0030950881247597817
2024-07-15,169.4426892356461,172.9411769323557,168.70510970146452,170.8580322265625,22999200,0.0,10.0,168.26942138671876,120.40477954864502,7.104462918167714,0.007955640903979155
2024-07-16,171.83482633106806,172.24348590512795,165.8544957365933,168.82473754882812,22244900,0.0,0.0,168.09126663208008,120.84669578552246,7.040135899556763,-0.011900492187795875
2024-07-17,161.77790911785695,162.3061704427252,155.09987625674898,155.46865844726562,43343400,0.0,0.0,166.7791763305664,121.21435188293457,6.8099108288751955,-0.07911209752480497
2024-07-18,158.3691131470975,160.9805191811625,153.39546629967344,159.9937744140625,37973500,0.0,0.0,165.82424392700196,121.60533283233643,6.313354912781156,0.02910629069544446
2024-07-19,161.309438234131,163.4125216549862,156.60491053637685,156.83416748046875,26309500,0.0,0.0,165.04894561767577,121.9783638381958,6.422220721353834,-0.019748311740034996
2024-07-22,159.7047168285745,162.45567850751488,157.3823533975013,160.53199768066406,28813300,0.0,0.0,164.83574600219725,122.37979133605957,6.501348894358535,0.023577963014059566
2024-07-23,159.87416117022158,164.7880072618282,159.37580029972992,163.23312377929688,21570200,0.0,0.0,165.062451171875,122.79030261993408,6.3534669503552275,0.016826091605774307
2024-07-24,159.8243451331226,160.8808677972726,150.60466857428915,150.8438720703125,37162600,0.0,0.0,164.72660598754882,123.13884296417237,6.922888510980897,-0.07589912771463925
2024-07-25,150.76411906175687,153.04662027461683,145.0429462299707,148.7706756591797,30872100,0.0,0.0,164.23123474121093,123.46647975921631,7.690393060211511,-0.01374398828854273
2024-07-26,152.99678406162525,153.07652362429894,149.42851847800247,151.13291931152344,20839900,0.0,0.0,163.88058776855468,123.80069831848145,8.129788510621536,0.01587842255792027
2024-07-29,151.52164121304332,154.49186770136328,148.66103951428906,149.7275390625,16625800,0.0,0.0,163.3656318664551,124.12664417266846,8.693397911820503,-0.009298968453898437
2024-07-30,152.7775139121132,152.9668934845718,142.8800738921942,143.0495147705078,31102300,0.0,0.0,162.34100265502929,124.41124744415283,9.807742244082592,-0.044601175801097015
2024-07-31,150.9734451876561,160.80112228345388,150.50498474690806,160.1532440185547,45827500,0.0,0.0,162.08843307495118,124.76608489990234,9.795150295287105,0.11956509796965142
2024-08-01,156.98368014332593,158.38906150137987,145.69082056574126,146.5380401611328,40320000,0.0,0.0,160.79757919311524,125.06388618469238,10.068288535186735,-0.08501360019809823
2024-08-02,141.46470733753426,144.87350902577276,139.14235909857615,143.34852600097656,33745800,0.0,0.0,159.47637557983398,125.33619205474854,10.550742445078846,-0.02176577601726537
2024-08-05,129.1851059233129,144.9432742717137,128.07874417847887,141.61422729492188,41309300,0.0,0.0,157.85640411376954,125.60877353668212,10.687628871761548,-0.012098476032065153
2024-08-06,141.26537328472529,148.4218435566515,139.79022931229107,143.4481964111328,24751300,0.0,0.0,156.39067535400392,125.88922981262208,10.544922071887079,0.012950458094804107
2024-08-07,147.76399462252834,149.60793588344927,135.38471271596615,135.82327270507812,29749800,0.0,0.0,154.4869873046875,126.14101581573486,10.654322459241762,-0.05315454566051925
2024-08-08,140.7371121551895,145.79049887500477,137.9462881321935,145.26223754882812,27583200,0.0,0.0,153.24831161499023,126.44698890686035,10.18105244767994,0.0694944589079769
2024-08-09,143.7272685608941,149.05973583076795,143.637567256461,147.77395629882812,18438700,0.0,0.0,152.16153564453126,126.76129077911376,9.49056101212922,0.01729092703226276
2024-08-12,147.59455892795594,150.63456331468407,145.89015803940774,148.13278198242188,17778500,0.0,0.0,151.02527313232423,127.06808506011963,8.436119836029372,0.002428206516093656
2024-08-13,151.0531834380402,155.86735128957898,149.3188821272554,155.6480712890625,22053600,0.0,0.0,150.36643981933594,127.42795696258545,7.427057016025618,0.05073346497693154
2024-08-14,157.50196991829344,159.72465508789503,154.21278521170362,157.1730499267578,20184200,0.0,0.0,150.45165939331054,127.806720161438,7.498120470379324,0.009797607031462707
2024-08-15,160.67154207752841,166.12361123345104,159.81436076940986,165.58538818359375,27945000,0.0,0.0,150.73124008178712,128.2218281173706,7.962507149395492,0.053522777987422554
2024-08-16,163.93082512501013,165.54550947041042,162.14668470078715,165.17672729492188,19296900,0.0,0.0,151.14836807250975,128.6334697341919,8.49945925449528,-0.002467976752989598
2024-08-19,164.31955411387332,167.2798190325728,159.89410695425119,167.16021728515625,20441700,0.0,0.0,151.4797790527344,129.0549697113037,8.99913882016353,0.012008289682921669
2024-08-20,166.5023753766259,167.81804020965345,163.61187310697088,165.40597534179688,19417500,0.0,0.0,151.5884216308594,129.4620012664795,9.160174835183238,-0.01049437462962155
2024-08-21,164.57868650011454,165.92426691347427,162.34603956789485,165.2365264892578,16097700,0.0,0.0,152.30805435180665,129.85914489746094,9.65081464880972,-0.00102444214720121
2024-08-22,170.27993490868957,171.8547570505461,160.96059595665653,161.80780029296875,30044500,0.0,0.0,152.95991058349608,130.23354122161865,9.837789755844142,-0.020750413175212645
2024-08-23,164.4889944356077,167.72834022649425,162.92414914672312,165.81463623046875,18848000,0.0,0.0,153.69399642944336,130.6288826751709,10.23407227711307,0.024762934359439104
2024-08-26,164.4192313212761,165.15679570397057,158.13988107313722,159.0967254638672,18521200,0.0,0.0,154.1624557495117,130.9822685241699,10.257362147757597,-0.04051458254423457
2024-08-27,157.08334754937707,161.4988174236223,155.31914586456088,160.8609161376953,16683100,0.0,0.0,155.0530258178711,131.337921295166,10.01200779015099,0.01108879311427935
2024-08-28,159.5552184250101,161.748003217589,155.7377723247342,157.66143798828125,18063600,0.0,0.0,154.9284355163574,131.67745357513428,9.960571832301634,-0.01988971731750766
2024-08-29,157.9704413643199,162.66499246024347,154.90053643788207,156.41554260253906,23519300,0.0,0.0,155.42231063842775,131.98803646087646,9.765625357524991,-0.007902346963464812
2024-08-30,160.59180051344984,162.704860926204,158.1897126991829,162.28623962402344,25158500,0.0,0.0,156.36919631958008,132.33318748474122,9.446209848765807,0.037532696072296146
2024-09-03,159.8542378572096,160.21305829269923,150.88374217873573,152.2891082763672,37179100,0.0,0.0,156.90294036865234,132.61553539276122,8.851485403011607,-0.061601842342376645
2024-09-04,149.80727704494208,157.2727129685763,148.66103794560593,153.61474609375,20324100,0.0,0.0,157.4112678527832,132.9033099746704,8.313721166207406,0.008704744760716032
2024-09-05,150.0764067413785,155.84741919519638,149.61790802758455,152.31903076171875,31548500,0.0,0.0,158.23605575561524,133.19241069793702,6.725932044042836,-0.008434836921453415
2024-09-06,142.78038342329708,143.02956384811958,136.15219020652484,136.55087280273438,76634600,0.0,0.0,157.80048751831055,133.3937186050415,7.805726246297942,-0.10352060330301993
2024-09-09,138.65396698960586,141.1258327378041,134.4577616170992,140.35836791992188,39516700,0.0,0.0,157.42970809936523,133.6052103805542,8.456092610935745,0.027883345152161176
2024-09-10,140.7570458876511,149.36872114643685,140.57762806519366,147.72413635253906,36067500,0.0,0.0,157.4092758178711,133.86067588806154,8.480198237491939,0.05247829924055214
2024-09-11,147.90354365915272,158.34918360801262,144.5645196276969,157.75115966796875,39700800,0.0,0.0,157.5144302368164,134.17080673217774,8.470243192103855,0.06787667582974066
2024-09-12,157.58170930598928,165.7747630242011,156.31586846883417,164.02052307128906,43581900,0.0,0.0,157.85680389404297,134.5089014816284,8.593215451021063,0.03974210659697164
2024-09-13,166.19339141941757,167.52899492515675,163.5022305055555,167.14027404785156,29850000,0.0,0.0,157.93454818725587,134.87669277191162,8.673476215145184,0.01902049157108565
2024-09-16,164.64846238512933,164.95744368309684,159.8841338084457,163.4822998046875,26126900,0.0,0.0,157.84982681274414,135.22810966491699,8.607033350984759,-0.021885654214715444
2024-09-17,164.94748176143696,165.47574305263177,160.17317623920246,161.9373779296875,19844300,0.0,0.0,157.58868484497071,135.57452007293702,8.386079442280359,-0.009450086503833832
2024-09-18,163.23312109479713,166.92098843403218,160.83101808842773,161.13999938964844,26557600,0.0,0.0,157.3753860473633,135.92437900543212,8.229574768622985,-0.0049239931523732405
2024-09-19,167.67999267578125,170.0,165.66000366210938,167.4199981689453,32453100,0.53,0.0,157.48455963134765,136.30353534698486,8.352908232188254,0.03897231477649066
2024-09-20,167.17999267578125,172.02000427246094,166.47000122070312,171.10000610351562,91758500,0.0,0.0,157.949169921875,136.7040609741211,8.849689739279603,0.02198069510702516
2024-09-23,172.0,173.32000732421875,168.35000610351562,172.94000244140625,29431100,0.0,0.0,158.30543823242186,137.11912925720216,9.314233924324508,0.010753923274423594
2024-09-24,172.80999755859375,175.99000549316406,171.67999267578125,174.83999633789062,34223400,0.0,0.0,159.09260177612305,137.5483656311035,10.022913395430063,0.010986433847935961
2024-09-25,174.64999389648438,177.13999938964844,173.75999450683594,175.52000427246094,16613800,0.0,0.0,159.82555618286133,137.9718333053589,10.673886579581753,0.003889315653245351
2024-09-26,178.5,180.25,175.0,178.08999633789062,24289600,0.0,0.0,160.84698410034179,138.3972981262207,11.408088788607033,0.014642160453917752
