Company,Average_Return,20_day_MA,200_day_MA,Volatility_20,Momentum_30,Average_Volume,environmentScore,socialScore,governanceScore,totalEsg,esgPerformance,highestControversy,treasurySharesNumber,preferredSharesNumber,ordinarySharesNumber,shareIssued,netDebt,totalDebt,tangibleBookValue,investedCapital,workingCapital,netTangibleAssets,capitalLeaseObligations,commonStockEquity,preferredStockEquity,totalCapitalization,totalEquityGrossMinorityInterest,stockholdersEquity,gainsLossesNotAffectingRetainedEarnings,otherEquityAdjustments,retainedEarnings,additionalPaidInCapital,capitalStock,commonStock,preferredStock,totalLiabilitiesNetMinorityInterest,totalNonCurrentLiabilitiesNetMinorityInterest,otherNonCurrentLiabilities,tradeAndOtherPayablesNonCurrent,nonCurrentDeferredLiabilities,nonCurrentDeferredRevenue,longTermDebtAndCapitalLeaseObligation,longTermCapitalLeaseObligation,longTermDebt,currentLiabilities,otherCurrentLiabilities,currentDeferredLiabilities,currentDeferredRevenue,currentDebtAndCapitalLeaseObligation,currentCapitalLeaseObligation,currentDebt,otherCurrentBorrowings,pensionAndOtherPostRetirementBenefitPlansCurrent,payablesAndAccruedExpenses,currentAccruedExpenses,interestPayable,payables,totalTaxPayable,accountsPayable,totalAssets,totalNonCurrentAssets,otherNonCurrentAssets,goodwillAndOtherIntangibleAssets,otherIntangibleAssets,goodwill,netPPE,accumulatedDepreciation,grossPPE,constructionInProgress,machineryFurnitureEquipment,buildingsAndImprovements,landAndImprovements,properties,currentAssets,otherCurrentAssets,prepaidAssets,inventory,finishedGoods,workInProcess,rawMaterials,receivables,accountsReceivable,allowanceForDoubtfulAccountsReceivable,grossAccountsReceivable,cashCashEquivalentsAndShortTermInvestments,cashAndCashEquivalents
AVGO,0.0035766902970863,128.31876487895656,129.3734142065948,6.388980840162704,0.0975680811529785,32753383.586206894,7.34,6.0,6.64,19.98,UNDER_PERF,3.0,0.0,203250000.0,4140000000.0,4140000000.0,24991000000.0,39229000000.0,-23532000000.0,63168000000.0,13442000000.0,-23532000000.0,49000000.0,23988000000.0,13175000000.0,61605000000.0,23988000000.0,23988000000.0,207000000.0,207000000.0,2682000000.0,21099000000.0,0.0,0.0,0.0,48873000000.0,41468000000.0,756000000.0,2792000000.0,299000000.0,299000000.0,37621000000.0,4000000.0,37617000000.0,7405000000.0,312000000.0,2487000000.0,2487000000.0,1608000000.0,45000000.0,1563000000.0,1563000000.0,935000000.0,2063000000.0,380000000.0,380000000.0,1683000000.0,473000000.0,1210000000.0,72861000000.0,52014000000.0,2340000000.0,47520000000.0,3867000000.0,43653000000.0,2154000000.0,-4024000000.0,6178000000.0,63000000.0,4739000000.0,1181000000.0,195000000.0,0.0,20847000000.0,863000000.0,743000000.0,1898000000.0,676000000.0,901000000.0,321000000.0,3154000000.0,3154000000.0,-87000000.0,4891000000.0,14189000000.0,14189000000.0
PEP,0.0001816888583618,166.7865886933814,166.8505544626488,2.5997955429730744,0.0135031935473165,5455525.261083744,7.27,9.63,5.16,22.06,AVG_PERF,3.0,493000000.0,203250000.0,1374000000.0,1867000000.0,34394000000.0,44661000000.0,-14154000000.0,62608000000.0,-4697000000.0,-14154000000.0,556000000.0,18503000000.0,13175000000.0,56098000000.0,18637000000.0,18503000000.0,-15534000000.0,-15534000000.0,70035000000.0,4261000000.0,23000000.0,23000000.0,0.0,81858000000.0,50211000000.0,8721000000.0,2182000000.0,3895000000.0,1970500000.0,37595000000.0,1973000000.0,37595000000.0,31647000000.0,4969000000.0,3499000000.0,3619500000.0,7066000000.0,556000000.0,6510000000.0,4224000000.0,2687000000.0,16925000000.0,3523000000.0,351500000.0,13402000000.0,965500000.0,11635000000.0,100495000000.0,73545000000.0,780000000.0,32657000000.0,14929000000.0,17728000000.0,29944000000.0,-27400000000.0,57344000000.0,5695000000.0,36006000000.0,11579000000.0,1159000000.0,0.0,26950000000.0,798000000.0,743000000.0,5334000000.0,2842000000.0,104000000.0,2388000000.0,10815000000.0,8675000000.0,-87000000.0,4891000000.0,10003000000.0,9711000000.0
INTC,-0.0008751629412429,35.91616948336491,37.03415358309476,1.871375551244867,-0.0491921288554623,50235733.66502463,4.93,7.32,6.62,18.87,UNDER_PERF,3.0,0.0,203250000.0,4228000000.0,4228000000.0,42199000000.0,49278000000.0,73410000000.0,154868000000.0,15216000000.0,73410000000.0,1910000000.0,105590000000.0,13175000000.0,152568000000.0,109965000000.0,105590000000.0,-215000000.0,-215000000.0,69156000000.0,12955391000.0,36649000000.0,36649000000.0,0.0,81607000000.0,53554000000.0,6576000000.0,2182000000.0,3278500000.0,1970500000.0,46978000000.0,1973000000.0,46978000000.0,28053000000.0,-12000000.0,2900000000.0,3619500000.0,2300000000.0,556000000.0,2300000000.0,2300000000.0,3655000000.0,19210000000.0,9525000000.0,351500000.0,9685000000.0,1107000000.0,8578000000.0,191572000000.0,148303000000.0,13647000000.0,32180000000.0,4589000000.0,27591000000.0,96647000000.0,-98010000000.0,194657000000.0,43442000000.0,100033000000.0,4396500000.0,377000000.0,51182000000.0,43269000000.0,3706000000.0,743000000.0,11127000000.0,3758000000.0,6203000000.0,1166000000.0,3402000000.0,3402000000.0,-87000000.0,4891000000.0,25034000000.0,7079000000.0
AAPL,0.0012689800158351,192.7948181185088,191.5886277972528,5.108265647375582,0.0386749962376227,60430493.34975369,0.46,7.39,9.37,17.22,UNDER_PERF,3.0,0.0,203250000.0,15550061000.0,15550061000.0,81123000000.0,123930000000.0,62146000000.0,173234000000.0,-1742000000.0,62146000000.0,12842000000.0,62146000000.0,13175000000.0,157427000000.0,62146000000.0,62146000000.0,-11452000000.0,-11452000000.0,-214000000.0,12955391000.0,73812000000.0,73812000000.0,0.0,290437000000.0,145129000000.0,23124000000.0,15457000000.0,3278500000.0,1970500000.0,106548000000.0,11267000000.0,95281000000.0,145308000000.0,48435000000.0,8061000000.0,8061000000.0,17382000000.0,1575000000.0,15807000000.0,9822000000.0,1179500000.0,71430000000.0,3270000000.0,351500000.0,71430000000.0,8819000000.0,62611000000.0,352583000000.0,209017000000.0,36245000000.0,18501000000.0,3680250000.0,12594000000.0,54376000000.0,-70884000000.0,125260000000.0,1679000000.0,78314000000.0,4396500000.0,23446000000.0,0.0,143566000000.0,14695000000.0,743000000.0,6331000000.0,1782000000.0,997000000.0,1572550000.0,60985000000.0,29508000000.0,-87000000.0,4891000000.0,61555000000.0,29965000000.0
ACN,0.0006650856547165,327.9274843797152,329.309850584786,8.743157483302005,0.0208210003590951,2672209.852216749,0.82,4.61,4.41,9.84,LAG_PERF,2.0,36351137.0,203250000.0,628265148.0,664616285.0,22930350000.0,3149034000.0,8046879000.0,25840742000.0,5372893000.0,8046879000.0,3001131000.0,25692839000.0,13175000000.0,25735932000.0,26458593000.0,25692839000.0,-1743101000.0,-1743101000.0,19316224000.0,12778782000.0,72000.0,72000.0,0.0,24786712000.0,6777674000.0,465024000.0,1313971000.0,1049234000.0,653954000.0,2353807000.0,2310714000.0,43093000.0,18009038000.0,2507500000.0,4907152000.0,4907152000.0,795227000.0,690417000.0,104810000.0,104810000.0,1179500000.0,12306659000.0,9094708000.0,351500000.0,3211951000.0,720778000.0,2491173000.0,51245305000.0,27863374000.0,738641000.0,17645960000.0,2072957000.0,15573003000.0,4167486000.0,-2574685000.0,6742171000.0,1679000000.0,2546319000.0,0.0,377000000.0,0.0,23381931000.0,2105138000.0,743000000.0,4280500000.0,1782000000.0,997000000.0,1572550000.0,12227186000.0,10690713000.0,-87000000.0,4891000000.0,9049607000.0,9045032000.0
ADP,0.0006452122186415,241.65369830152,240.76345286963124,4.530942494143611,0.0242922664022739,1684100.39408867,2.8,5.54,5.49,13.82,UNDER_PERF,1.0,230600000.0,203250000.0,408100000.0,638700000.0,463300000.0,3705300000.0,858000000.0,7924300000.0,462500000.0,858000000.0,328600000.0,4547600000.0,13175000000.0,7538900000.0,4547600000.0,4547600000.0,-1808300000.0,-1808300000.0,23622200000.0,2406900000.0,63900000.0,63900000.0,0.0,49815100000.0,4735100000.0,990800000.0,2182000000.0,424400000.0,360100000.0,3319900000.0,328600000.0,2991300000.0,45080000000.0,39503900000.0,199800000.0,199800000.0,385400000.0,556000000.0,385400000.0,385400000.0,1179500000.0,4990900000.0,4308800000.0,351500000.0,682100000.0,15100000.0,100600000.0,54362700000.0,8820200000.0,1102100000.0,3689600000.0,1336000000.0,2353600000.0,1056200000.0,-1817700000.0,2873900000.0,1679000000.0,670000000.0,4396500000.0,377000000.0,648100000.0,45542500000.0,1204800000.0,743000000.0,4280500000.0,1782000000.0,997000000.0,1572550000.0,3428200000.0,3428200000.0,-52200000.0,3480400000.0,2913400000.0,2913400000.0
AMAT,0.0021020677818233,187.98275076739264,191.46901235184572,8.080555283196137,0.0557873268489853,5873240.8965517245,4.49,2.97,5.28,12.74,UNDER_PERF,1.0,1191000000.0,203250000.0,833000000.0,2024000000.0,22930350000.0,5999000000.0,12323000000.0,21910000000.0,11775000000.0,12323000000.0,438000000.0,16349000000.0,13175000000.0,21810000000.0,16349000000.0,16349000000.0,-217000000.0,-217000000.0,43726000000.0,9131000000.0,8000000.0,8000000.0,0.0,14380000000.0,7008000000.0,336000000.0,833000000.0,3278500000.0,1970500000.0,5713000000.0,252000000.0,5461000000.0,7372000000.0,2507500000.0,2975000000.0,2975000000.0,286000000.0,186000000.0,100000000.0,2038000000.0,1024000000.0,3087000000.0,995000000.0,38000000.0,2092000000.0,347000000.0,1478000000.0,30729000000.0,11582000000.0,345000000.0,4026000000.0,294000000.0,3732000000.0,3201000000.0,-3651000000.0,6852000000.0,672000000.0,762000000.0,2194000000.0,393000000.0,0.0,19147000000.0,976000000.0,743000000.0,5725000000.0,1486000000.0,997000000.0,3242000000.0,5577000000.0,5165000000.0,-29000000.0,5194000000.0,6869000000.0,6132000000.0
AMZN,0.0018172831221469,168.53996999683298,170.6907028140662,4.743780277423763,0.0488971902267595,44144207.1724138,6.0,15.39,9.22,30.61,OUT_PERF,3.0,515000000.0,203250000.0,10383000000.0,10898000000.0,22930350000.0,135611000000.0,171399000000.0,260189000000.0,7434000000.0,171399000000.0,77297000000.0,201875000000.0,13175000000.0,260189000000.0,201875000000.0,201875000000.0,-3040000000.0,-3040000000.0,113618000000.0,99025000000.0,109000000.0,109000000.0,0.0,325979000000.0,161062000000.0,25451000000.0,2182000000.0,3278500000.0,1970500000.0,135611000000.0,77297000000.0,58314000000.0,164917000000.0,2507500000.0,15227000000.0,15227000000.0,3086200000.0,556000000.0,2947000000.0,2038000000.0,1179500000.0,149690000000.0,64709000000.0,351500000.0,84981000000.0,965500000.0,84981000000.0,527854000000.0,355503000000.0,48337000000.0,30476000000.0,7687000000.0,22789000000.0,276690000000.0,-120111000000.0,396801000000.0,28840000000.0,7943000000.0,4396500000.0,105293000000.0,105293000000.0,172351000000.0,1651000000.0,743000000.0,33318000000.0,1782000000.0,997000000.0,1572550000.0,52253000000.0,52253000000.0,-1700000000.0,53953000000.0,86780000000.0,73387000000.0
BA,-0.000715739984949,193.96736949544095,196.0848277498641,7.824266746645952,-0.0083177973510395,7598565.54679803,8.84,22.48,8.29,39.6,OUT_PERF,4.0,402746136.0,203250000.0,609515023.0,1012261159.0,39363000000.0,52603000000.0,-27420000000.0,34821000000.0,13448000000.0,-27420000000.0,549000000.0,-17233000000.0,13175000000.0,29694000000.0,-17228000000.0,-17233000000.0,-10305000000.0,14000000.0,27251000000.0,10309000000.0,5061000000.0,5061000000.0,0.0,154240000000.0,58413000000.0,2332000000.0,2182000000.0,229000000.0,1970500000.0,47103000000.0,176000000.0,46927000000.0,95827000000.0,4699000000.0,56328000000.0,56328000000.0,5500000000.0,373000000.0,5127000000.0,5127000000.0,7194000000.0,22106000000.0,10142000000.0,652000000.0,11964000000.0,965500000.0,11964000000.0,137012000000.0,27737000000.0,4935000000.0,10187000000.0,2094000000.0,8093000000.0,11521000000.0,-22245000000.0,33766000000.0,1679000000.0,16055000000.0,14795000000.0,377000000.0,0.0,109275000000.0,2504000000.0,743000000.0,79741000000.0,68683000000.0,997000000.0,11058000000.0,11065000000.0,2713000000.0,-87000000.0,4891000000.0,15965000000.0,12691000000.0
BAC,0.0017012460145524,35.04990855491213,35.39617049253212,0.9447422234864464,0.0606655062988688,40403880.33497537,1.73,15.09,11.48,28.3,AVG_PERF,3.0,80300109.0,409797858.0,7895457665.0,7895457665.0,22930350000.0,334302000000.0,194228000000.0,597551000000.0,2213000000.0,222625000000.0,1910000000.0,263249000000.0,28397000000.0,593850000000.0,291646000000.0,291646000000.0,-17788000000.0,-17788000000.0,224672000000.0,12955391000.0,84762000000.0,56365000000.0,28397000000.0,2888505000000.0,28684000000.0,1957000000.0,2182000000.0,3278500000.0,1970500000.0,302204000000.0,1973000000.0,302204000000.0,19013000000.0,2507500000.0,3499000000.0,3619500000.0,32098000000.0,556000000.0,32098000000.0,32098000000.0,1179500000.0,9923000000.0,3270000000.0,351500000.0,5518500000.0,965500000.0,3997000000.0,3180151000000.0,46040000000.0,3253000000.0,69021000000.0,3680250000.0,69021000000.0,11855000000.0,-11860150000.0,24012900000.0,1679000000.0,7943000000.0,4396500000.0,377000000.0,0.0,25382000000.0,1651000000.0,743000000.0,4280500000.0,1782000000.0,997000000.0,1572550000.0,96697000000.0,81881000000.0,-87000000.0,4891000000.0,7264000000.0,341419000000.0
C,0.0019677488843551,55.14816671543368,55.96244252762704,1.6638916422497692,0.0651725326447644,15513018.325123154,1.8,13.75,13.69,29.24,AVG_PERF,4.0,1196577865.0,22000000.0,1903113839.0,3099691704.0,63144000000.0,324076000000.0,163334000000.0,511929000000.0,2213000000.0,180934000000.0,1910000000.0,187853000000.0,17600000000.0,492072000000.0,206251000000.0,205453000000.0,-44800000000.0,-44800000000.0,198905000000.0,108955000000.0,17631000000.0,31000000.0,17600000000.0,2205583000000.0,28684000000.0,1957000000.0,2182000000.0,3278500000.0,1970500000.0,286619000000.0,1973000000.0,286619000000.0,19013000000.0,2507500000.0,3499000000.0,3619500000.0,37457000000.0,556000000.0,37457000000.0,17235000000.0,1179500000.0,63539000000.0,3270000000.0,351500000.0,63539000000.0,965500000.0,63539000000.0,2411834000000.0,46040000000.0,3253000000.0,24519000000.0,4421000000.0,20098000000.0,28747000000.0,-11860150000.0,24012900000.0,1679000000.0,7943000000.0,4396500000.0,377000000.0,0.0,25382000000.0,1651000000.0,743000000.0,4280500000.0,1782000000.0,997000000.0,1572550000.0,54190000000.0,53915000000.0,-87000000.0,4891000000.0,7264000000.0,260932000000.0
CME,0.0005862008552944,205.0115858413631,204.7268902688656,3.3356257338200184,0.0090996044099149,1905896.7192118224,2.13,6.48,9.19,17.8,UNDER_PERF,1.0,80300109.0,203250000.0,359234138.0,359234138.0,513400000.0,3425400000.0,-3982900000.0,30163300000.0,1473300000.0,-3982900000.0,1910000000.0,26737900000.0,13175000000.0,30163300000.0,26737900000.0,26737900000.0,-55600000.0,-55600000.0,4455200000.0,22334700000.0,3600000.0,3600000.0,0.0,102968200000.0,9551300000.0,798200000.0,2182000000.0,5327700000.0,1970500000.0,3425400000.0,1973000000.0,3425400000.0,93416900000.0,93326300000.0,3499000000.0,3619500000.0,3086200000.0,556000000.0,2947000000.0,2038000000.0,1179500000.0,90600000.0,3270000000.0,351500000.0,90600000.0,965500000.0,90600000.0,129706100000.0,34815900000.0,3685600000.0,30720800000.0,20225500000.0,10495300000.0,409500000.0,-933100000.0,1342600000.0,1679000000.0,1068200000.0,130700000.0,377000000.0,0.0,94890200000.0,1133200000.0,743000000.0,4280500000.0,1782000000.0,997000000.0,1572550000.0,535600000.0,535600000.0,-7100000.0,542700000.0,3023700000.0,2912000000.0
CSCO,0.0001801370670266,48.40150268620175,48.154195474588654,0.9566763714283312,-0.0023822951582547,19727683.674876846,0.45,6.9,6.51,13.87,UNDER_PERF,2.0,80300109.0,203250000.0,4007000000.0,4007000000.0,23454000000.0,30962000000.0,-24422000000.0,76419000000.0,-3722000000.0,-24422000000.0,1910000000.0,45457000000.0,13175000000.0,65078000000.0,45457000000.0,45457000000.0,-1430000000.0,-1430000000.0,1087000000.0,12955391000.0,45800000000.0,45800000000.0,0.0,78956000000.0,38372000000.0,2540000000.0,3985000000.0,12226000000.0,12226000000.0,19621000000.0,1973000000.0,19621000000.0,40584000000.0,5643000000.0,16249000000.0,16249000000.0,11341000000.0,556000000.0,11341000000.0,488000000.0,3608000000.0,3743000000.0,3270000000.0,351500000.0,3743000000.0,1439000000.0,2304000000.0,124413000000.0,87551000000.0,5944000000.0,69879000000.0,11219000000.0,58660000000.0,2090000000.0,-7783000000.0,9873000000.0,1679000000.0,5511000000.0,4396500000.0,377000000.0,4247000000.0,36862000000.0,5612000000.0,743000000.0,3373000000.0,1027000000.0,83000000.0,2255000000.0,10023000000.0,6685000000.0,-87000000.0,6772000000.0,17854000000.0,7508000000.0
DIS,0.0008661089349274,98.24929122924806,100.0642215649587,2.768122492525392,0.0194323409874191,11632660.748768471,0.04,8.96,6.71,15.7,UNDER_PERF,2.0,19000000.0,203250000.0,1830000000.0,1849000000.0,32249000000.0,49895000000.0,9149000000.0,145708000000.0,1624000000.0,9149000000.0,3464000000.0,99277000000.0,13175000000.0,141378000000.0,113012000000.0,99277000000.0,-3292000000.0,-3292000000.0,46093000000.0,12955391000.0,57383000000.0,57383000000.0,0.0,92567000000.0,61428000000.0,8605000000.0,2182000000.0,7258000000.0,1970500000.0,45565000000.0,3464000000.0,42101000000.0,31139000000.0,6138000000.0,6138000000.0,6138000000.0,4330000000.0,556000000.0,4330000000.0,2038000000.0,1179500000.0,20671000000.0,3270000000.0,351500000.0,17401000000.0,2276000000.0,15125000000.0,205579000000.0,172816000000.0,11076000000.0,90128000000.0,13061000000.0,77067000000.0,34941000000.0,-42610000000.0,77551000000.0,6285000000.0,26358000000.0,4396500000.0,8595000000.0,0.0,32763000000.0,1286000000.0,3002000000.0,1963000000.0,1782000000.0,997000000.0,1572550000.0,12330000000.0,10179000000.0,-87000000.0,4891000000.0,14182000000.0,14182000000.0
ECL,0.0017964031706639,215.5221259383173,217.0027325079576,4.341432951940605,0.0589906677295882,1123408.7290640394,8.54,6.05,5.27,19.86,UNDER_PERF,2.0,80300109.0,203250000.0,285448531.0,365748640.0,7262300000.0,8733400000.0,-3597000000.0,16226500000.0,1298300000.0,-3597000000.0,551600000.0,8044700000.0,13175000000.0,15596100000.0,8072200000.0,8044700000.0,-1850400000.0,-1850400000.0,10075400000.0,6766700000.0,365700000.0,365700000.0,0.0,13774400000.0,9428600000.0,381800000.0,2182000000.0,418200000.0,1970500000.0,7976900000.0,425500000.0,7551400000.0,4345800000.0,713500000.0,110900000.0,110900000.0,756500000.0,126100000.0,630400000.0,628600000.0,655500000.0,2109400000.0,68500000.0,68500000.0,2040900000.0,311900000.0,1566300000.0,21846600000.0,16202500000.0,271400000.0,11641700000.0,3493500000.0,8148200000.0,4028100000.0,-4180200000.0,8208300000.0,470100000.0,3099700000.0,1171000000.0,155600000.0,0.0,5644100000.0,59100000.0,143900000.0,1497200000.0,911400000.0,997000000.0,704700000.0,3021100000.0,2834200000.0,-149000000.0,2983200000.0,919500000.0,919500000.0
ETN,0.0019693549196063,279.22604017462345,283.5758387151754,8.001934911584263,0.0582727924748837,2064632.0098522168,5.46,6.76,5.72,17.94,UNDER_PERF,1.0,80300109.0,203250000.0,399400000.0,399400000.0,8781000000.0,9802000000.0,-1033000000.0,28305000000.0,3928000000.0,-1033000000.0,533000000.0,19036000000.0,13175000000.0,27280000000.0,19069000000.0,19036000000.0,-3906000000.0,-3906000000.0,10305000000.0,12634000000.0,4000000.0,4000000.0,0.0,19363000000.0,11616000000.0,1489000000.0,2182000000.0,402000000.0,1970500000.0,8777000000.0,533000000.0,8244000000.0,7747000000.0,2681000000.0,3499000000.0,3619500000.0,1025000000.0,556000000.0,1025000000.0,2038000000.0,676000000.0,3365000000.0,3270000000.0,351500000.0,3365000000.0,965500000.0,3365000000.0,38432000000.0,26757000000.0,2052000000.0,20069000000.0,5092000000.0,14977000000.0,4178000000.0,-5208000000.0,9386000000.0,1679000000.0,6497000000.0,4396500000.0,377000000.0,2241000000.0,11675000000.0,852000000.0,743000000.0,3739000000.0,1354000000.0,870000000.0,1515000000.0,4475000000.0,4475000000.0,-38000000.0,4513000000.0,2609000000.0,488000000.0
FCX,0.0017119827706598,43.07890506138618,43.77101925112167,1.6729826473130802,0.0382393590571662,13040259.201970443,15.26,9.96,6.4,31.61,OUT_PERF,4.0,184000000.0,203250000.0,1435000000.0,1619000000.0,4664000000.0,9853000000.0,16271000000.0,26115000000.0,8250000000.0,16271000000.0,431000000.0,16693000000.0,13175000000.0,25349000000.0,27310000000.0,16693000000.0,-274000000.0,-274000000.0,-2059000000.0,24637000000.0,162000000.0,162000000.0,0.0,25196000000.0,19381000000.0,344000000.0,2182000000.0,4627000000.0,1970500000.0,9003000000.0,347000000.0,8656000000.0,5815000000.0,2507500000.0,161000000.0,161000000.0,850000000.0,84000000.0,766000000.0,766000000.0,129000000.0,4359000000.0,675000000.0,146000000.0,3684000000.0,874000000.0,2466000000.0,52506000000.0,38441000000.0,1768000000.0,422000000.0,422000000.0,12594000000.0,35295000000.0,-49272000000.0,84567000000.0,6885000000.0,15246000000.0,10165000000.0,377000000.0,0.0,14065000000.0,375000000.0,743000000.0,6060000000.0,1782000000.0,221000000.0,4057000000.0,1664000000.0,1209000000.0,-87000000.0,4891000000.0,4758000000.0,4758000000.0
GE,0.0031191540720928,133.7002774922121,134.4725440633522,3.8642600838700862,0.1015752858142953,6631280.940788178,14.24,15.41,10.9,40.55,LEAD_PERF,3.0,0.0,40000.0,1088415995.0,1088415995.0,3997000000.0,22937000000.0,8298000000.0,48342000000.0,8922000000.0,8298000000.0,1973000000.0,27378000000.0,13175000000.0,47089000000.0,28580000000.0,27378000000.0,-6150000000.0,-6150000000.0,86527000000.0,12955391000.0,15000000.0,15000000.0,0.0,134465000000.0,83589000000.0,45977000000.0,2182000000.0,1339000000.0,1339000000.0,21684000000.0,1973000000.0,19711000000.0,50876000000.0,9561000000.0,19677000000.0,19677000000.0,1253000000.0,556000000.0,1253000000.0,1253000000.0,4001000000.0,16384000000.0,323000000.0,323000000.0,16061000000.0,1057000000.0,10678000000.0,163045000000.0,103247000000.0,3253000000.0,19080000000.0,5695000000.0,13385000000.0,12494000000.0,-11860150000.0,12494000000.0,1679000000.0,6280000000.0,2852000000.0,469000000.0,0.0,59798000000.0,495000000.0,248000000.0,16528000000.0,3720000000.0,997000000.0,11209000000.0,17432000000.0,15466000000.0,-87000000.0,4891000000.0,22673000000.0,16967000000.0
GILD,0.0006557361639934,72.1594955460708,71.58523961121182,2.0578780097107203,0.0121712548452316,7110598.42364532,1.0,14.34,7.62,22.97,AVG_PERF,2.0,0.0,203250000.0,1246041895.0,1246041895.0,18902000000.0,24987000000.0,-11935000000.0,47820000000.0,4805000000.0,-11935000000.0,1910000000.0,22833000000.0,13175000000.0,46022000000.0,22749000000.0,22833000000.0,28000000.0,28000000.0,16304000000.0,6500000000.0,1000000.0,1000000.0,0.0,39376000000.0,28096000000.0,1280000000.0,2039000000.0,1588000000.0,1970500000.0,23189000000.0,1973000000.0,23189000000.0,11280000000.0,2334000000.0,3499000000.0,3619500000.0,1798000000.0,556000000.0,1798000000.0,2038000000.0,1201000000.0,5560000000.0,3802000000.0,351500000.0,1758000000.0,1208000000.0,550000000.0,62125000000.0,46040000000.0,4792000000.0,34768000000.0,26454000000.0,8314000000.0,5317000000.0,-2449000000.0,7766000000.0,661000000.0,1069000000.0,4328000000.0,561000000.0,0.0,16085000000.0,2374000000.0,743000000.0,1787000000.0,1782000000.0,997000000.0,1572550000.0,4660000000.0,4660000000.0,-836000000.0,5495000000.0,7264000000.0,6085000000.0
GM,0.001623821888055,40.04876497293235,40.47456460448932,1.4507256577044023,0.0701804627524894,16813848.49261084,9.83,11.48,7.19,28.5,AVG_PERF,4.0,80300109.0,203250000.0,1200000000.0,1200000000.0,102888000000.0,122648000000.0,59445000000.0,186027000000.0,7173000000.0,59445000000.0,907000000.0,64286000000.0,13175000000.0,147059000000.0,68307000000.0,64286000000.0,-10247000000.0,-10247000000.0,55391000000.0,19130000000.0,12000000.0,12000000.0,0.0,204757000000.0,110312000000.0,9919000000.0,2182000000.0,5019000000.0,5019000000.0,83680000000.0,907000000.0,82773000000.0,94445000000.0,-1000000.0,2802000000.0,2802000000.0,38968000000.0,556000000.0,38968000000.0,38968000000.0,1179500000.0,52676000000.0,24562000000.0,351500000.0,28114000000.0,965500000.0,28114000000.0,273064000000.0,171446000000.0,7707000000.0,4841000000.0,2941000000.0,1900000000.0,80903000000.0,-42862000000.0,123765000000.0,8135000000.0,37074000000.0,13256000000.0,1293000000.0,0.0,101618000000.0,7237000000.0,743000000.0,16461000000.0,9039000000.0,997000000.0,7422000000.0,51454000000.0,51454000000.0,-1204000000.0,52658000000.0,26466000000.0,18853000000.0
HON,0.0005259236053994,197.713501097716,198.6862319586412,3.568325795323142,0.0181982217244195,2867801.881773399,10.99,10.59,7.04,28.62,AVG_PERF,3.0,305800000.0,203250000.0,651800000.0,957600000.0,12518000000.0,21536000000.0,-5424000000.0,36299000000.0,4963000000.0,-5424000000.0,1093000000.0,15856000000.0,13175000000.0,32418000000.0,16441000000.0,15856000000.0,-4135000000.0,-4135000000.0,47979000000.0,9062000000.0,958000000.0,958000000.0,0.0,45084000000.0,26545000000.0,2172000000.0,1742000000.0,3265000000.0,1171000000.0,17459000000.0,897000000.0,16562000000.0,18539000000.0,2507500000.0,3499000000.0,3499000000.0,4077000000.0,196000000.0,3881000000.0,3881000000.0,1322000000.0,9414000000.0,1709000000.0,217000000.0,7705000000.0,856000000.0,6849000000.0,61525000000.0,38023000000.0,9582000000.0,21280000000.0,3231000000.0,18049000000.0,5660000000.0,-9674000000.0,15334000000.0,878000000.0,10717000000.0,3528000000.0,211000000.0,0.0,23502000000.0,1699000000.0,743000000.0,6178000000.0,3257000000.0,1217000000.0,1704000000.0,7530000000.0,7530000000.0,-323000000.0,7853000000.0,8095000000.0,7925000000.0
IBM,0.0020203123252995,171.8305717468262,172.29793654387854,4.294021740722826,0.060622606603131,4294934.128078817,1.78,6.22,6.14,14.14,UNDER_PERF,2.0,1351897514.0,203250000.0,915013646.0,2266911160.0,43479000000.0,59935000000.0,-48681000000.0,79080000000.0,-1214000000.0,-48681000000.0,3388000000.0,22533000000.0,13175000000.0,72654000000.0,22613000000.0,22533000000.0,-18761000000.0,-18761000000.0,151276000000.0,12955391000.0,59643000000.0,59643000000.0,0.0,112628000000.0,78506000000.0,1164000000.0,2182000000.0,4679000000.0,3533000000.0,52689000000.0,2568000000.0,50121000000.0,34122000000.0,1000000.0,13451000000.0,13451000000.0,7246000000.0,820000000.0,6426000000.0,6426000000.0,3501000000.0,9923000000.0,3521000000.0,351500000.0,6402000000.0,2270000000.0,4132000000.0,135241000000.0,102332000000.0,1626000000.0,71214000000.0,11036000000.0,60178000000.0,8722000000.0,-12621000000.0,21343000000.0,1679000000.0,9223000000.0,5333000000.0,182000000.0,0.0,32908000000.0,2639000000.0,743000000.0,1161000000.0,78000000.0,1083000000.0,1572550000.0,13956000000.0,7214000000.0,-192000000.0,7406000000.0,13441000000.0,13068000000.0
JPM,0.0016247602340162,183.01552991089392,183.9037453777385,4.352914108196899,0.0592120501564362,9138460.256157637,1.11,16.45,11.7,29.26,AVG_PERF,3.0,1228275301.0,391850000.0,2876658594.0,4104933895.0,22930350000.0,436537000000.0,236093000000.0,737011000000.0,2213000000.0,263497000000.0,1910000000.0,300474000000.0,27404000000.0,719703000000.0,327878000000.0,327878000000.0,-10443000000.0,-10443000000.0,332901000000.0,90128000000.0,31509000000.0,4105000000.0,27404000000.0,3547515000000.0,28684000000.0,1957000000.0,2182000000.0,3278500000.0,1970500000.0,391825000000.0,1973000000.0,391825000000.0,19013000000.0,2507500000.0,3499000000.0,3619500000.0,44712000000.0,556000000.0,44712000000.0,44712000000.0,1179500000.0,317954000000.0,3270000000.0,351500000.0,317954000000.0,965500000.0,161960000000.0,3875393000000.0,46040000000.0,3253000000.0,64381000000.0,11747000000.0,52634000000.0,30157000000.0,-11860150000.0,30157000000.0,1679000000.0,7943000000.0,4396500000.0,377000000.0,14862000000.0,25382000000.0,1651000000.0,743000000.0,4280500000.0,1782000000.0,997000000.0,1572550000.0,107363000000.0,107363000000.0,-87000000.0,4891000000.0,7264000000.0,624151000000.0
LLY,0.0022125674096437,744.3592385484425,744.2532926566645,25.018985146676968,0.0725492583903562,3061800.81773399,2.54,12.6,9.14,24.28,AVG_PERF,2.0,50402000.0,203250000.0,899379000.0,949781000.0,22406700000.0,25225300000.0,-1074400000.0,35997200000.0,-1566200000.0,-1074400000.0,1910000000.0,10771900000.0,13175000000.0,29092700000.0,10863700000.0,10771900000.0,-4327000000.0,-4327000000.0,10312300000.0,7250400000.0,593600000.0,593600000.0,0.0,53142600000.0,25849400000.0,2240600000.0,3849200000.0,3278500000.0,1970500000.0,18320800000.0,1973000000.0,18320800000.0,27293200000.0,3281300000.0,3499000000.0,3619500000.0,6904500000.0,556000000.0,6904500000.0,2038000000.0,1650400000.0,15457000000.0,11689000000.0,351500000.0,3768000000.0,965500000.0,2598800000.0,64006300000.0,38279300000.0,4989900000.0,11846300000.0,6906600000.0,4939700000.0,12913600000.0,-11099300000.0,24012900000.0,5084100000.0,7943000000.0,8280000000.0,319800000.0,0.0,25727000000.0,149500000.0,5540800000.0,5772800000.0,791700000.0,3248600000.0,1630100000.0,11336200000.0,9090500000.0,-14800000.0,9105300000.0,2927700000.0,2818600000.0
LMT,0.0015381121161608,460.5545590511208,455.09029806748873,7.806445955581317,0.0423275567322451,1104489.2118226602,7.96,15.11,7.11,30.18,OUT_PERF,3.0,2000000.0,203250000.0,240000000.0,242000000.0,16017000000.0,17459000000.0,-6176000000.0,24294000000.0,3584000000.0,-6176000000.0,1910000000.0,6835000000.0,13175000000.0,24126000000.0,6835000000.0,6835000000.0,-8803000000.0,-8803000000.0,15398000000.0,0.0,240000000.0,240000000.0,0.0,45621000000.0,28684000000.0,5231000000.0,2182000000.0,3278500000.0,1970500000.0,17291000000.0,1973000000.0,17291000000.0,16937000000.0,2134000000.0,9190000000.0,9190000000.0,168000000.0,556000000.0,168000000.0,168000000.0,1179500000.0,5445000000.0,3133000000.0,351500000.0,2312000000.0,965500000.0,2312000000.0,52456000000.0,31935000000.0,7601000000.0,13011000000.0,2212000000.0,10799000000.0,8370000000.0,-12812000000.0,21182000000.0,2081000000.0,9908000000.0,9049000000.0,144000000.0,0.0,20521000000.0,632000000.0,743000000.0,3132000000.0,188000000.0,2338000000.0,606000000.0,15315000000.0,2132000000.0,-87000000.0,4891000000.0,1442000000.0,1442000000.0
MCO,0.0017504348496088,395.6925329249304,395.2329751932396,9.04856458462412,0.0608878474592723,754409.6354679803,1.61,6.09,8.12,15.82,UNDER_PERF,2.0,80300109.0,203250000.0,1200000000.0,1402372572.0,22930350000.0,25225300000.0,26054702091.475136,48342000000.0,2213000000.0,8298000000.0,1910000000.0,25692839000.0,13175000000.0,48195000000.0,27310000000.0,26737900000.0,-1743101000.0,-1380000000.0,-76111407018.92119,12955391000.0,251700000.0,162000000.0,0.0,61115000000.0,28684000000.0,246000000.0,51000000.0,3278500000.0,1970500000.0,21684000000.0,1973000000.0,19666000000.0,19013000000.0,2507500000.0,3499000000.0,3619500000.0,3086200000.0,556000000.0,2947000000.0,2038000000.0,1179500000.0,9923000000.0,3270000000.0,351500000.0,5518500000.0,965500000.0,3997000000.0,100495000000.0,46040000000.0,3253000000.0,18501000000.0,3680250000.0,12594000000.0,11855000000.0,-11860150000.0,24012900000.0,1679000000.0,7943000000.0,4396500000.0,377000000.0,0.0,25382000000.0,1651000000.0,743000000.0,4280500000.0,1782000000.0,997000000.0,1572550000.0,1659000000.0,5165000000.0,-87000000.0,4891000000.0,7264000000.0,7508000000.0
MDLZ,0.00040003971757,69.36035235900223,69.49296748395236,1.338931802344022,0.0189638943238888,6979119.802955665,7.23,9.39,5.41,22.02,AVG_PERF,3.0,648055073.0,203250000.0,1348482705.0,1996537778.0,17598000000.0,19945000000.0,-15400000000.0,47740000000.0,-7310000000.0,-15400000000.0,537000000.0,28332000000.0,13175000000.0,45219000000.0,28366000000.0,28332000000.0,-10946000000.0,-10946000000.0,34236000000.0,32216000000.0,0.0,0.0,0.0,43025000000.0,24012000000.0,2735000000.0,2182000000.0,3292000000.0,1970500000.0,17424000000.0,537000000.0,16887000000.0,19013000000.0,4330000000.0,3499000000.0,3619500000.0,2521000000.0,556000000.0,2521000000.0,2101000000.0,1158000000.0,11004000000.0,2683000000.0,351500000.0,8321000000.0,965500000.0,8321000000.0,71391000000.0,59688000000.0,886000000.0,43732000000.0,19836000000.0,23896000000.0,10377000000.0,-7996000000.0,18373000000.0,1118000000.0,12736000000.0,3452000000.0,384000000.0,0.0,11703000000.0,1766000000.0,743000000.0,3615000000.0,2790000000.0,997000000.0,973000000.0,4512000000.0,3634000000.0,-66000000.0,3700000000.0,1810000000.0,1810000000.0
META,0.002846447362933,440.8916300761341,445.1079359723937,16.07072644535816,0.0814396036909861,16385822.69950739,2.71,21.09,10.29,34.08,OUT_PERF,4.0,0.0,203250000.0,2561000000.0,2561000000.0,22930350000.0,37234000000.0,131726000000.0,171553000000.0,53405000000.0,131726000000.0,18849000000.0,153168000000.0,13175000000.0,171553000000.0,153168000000.0,153168000000.0,-2155000000.0,-2155000000.0,82070000000.0,73253000000.0,0.0,0.0,0.0,76455000000.0,44495000000.0,1370000000.0,7514000000.0,3278500000.0,1970500000.0,35611000000.0,17226000000.0,18385000000.0,31960000000.0,5506000000.0,3499000000.0,3619500000.0,1623000000.0,1623000000.0,2947000000.0,2038000000.0,6659000000.0,18172000000.0,8805000000.0,351500000.0,9367000000.0,3655000000.0,4849000000.0,229623000000.0,144258000000.0,6794000000.0,21442000000.0,788000000.0,20654000000.0,109881000000.0,-33134000000.0,143015000000.0,24269000000.0,7943000000.0,37961000000.0,2080000000.0,0.0,85365000000.0,3793000000.0,743000000.0,4280500000.0,1782000000.0,997000000.0,1572550000.0,16169000000.0,16169000000.0,-87000000.0,4891000000.0,65403000000.0,41862000000.0
MMM,0.0026994094814698,93.1757415689624,91.94648303049918,3.0402812985863914,0.0911332122069304,5044538.971527094,17.22,13.59,6.54,37.35,OUT_PERF,5.0,391451920.0,203250000.0,552581136.0,944033056.0,10102000000.0,16854000000.0,-12346000000.0,20842000000.0,1082000000.0,-12346000000.0,819000000.0,4807000000.0,13175000000.0,17895000000.0,4868000000.0,4807000000.0,-6778000000.0,-6778000000.0,37479000000.0,6956000000.0,9000000.0,9000000.0,0.0,45712000000.0,30415000000.0,12530000000.0,872000000.0,528000000.0,1970500000.0,13682000000.0,594000000.0,13088000000.0,15297000000.0,5682000000.0,572000000.0,572000000.0,3172000000.0,225000000.0,2947000000.0,1152000000.0,336000000.0,5535000000.0,1708000000.0,351500000.0,3827000000.0,582000000.0,3245000000.0,50580000000.0,34201000000.0,682000000.0,17153000000.0,4226000000.0,12927000000.0,9918000000.0,-17711000000.0,27629000000.0,1852000000.0,16855000000.0,7908000000.0,255000000.0,0.0,16379000000.0,149000000.0,485000000.0,4822000000.0,2293000000.0,1424000000.0,1105000000.0,4864000000.0,4750000000.0,-141000000.0,4891000000.0,5986000000.0,5933000000.0
MS,0.0012706197643572,89.43793927958083,89.940346722153,2.628646157230374,0.0460846817703534,7644784.009852217,1.14,12.91,10.53,24.58,AVG_PERF,2.0,412065542.0,304500000.0,1626828437.0,2038893979.0,217726000000.0,276387000000.0,66526000000.0,366675000000.0,2213000000.0,75276000000.0,1910000000.0,90288000000.0,8750000000.0,366505000000.0,99982000000.0,99038000000.0,-6421000000.0,-6421000000.0,97996000000.0,29832000000.0,8770000000.0,20000000.0,8750000000.0,1093711000000.0,28684000000.0,1957000000.0,2182000000.0,3278500000.0,1970500000.0,267467000000.0,1973000000.0,267467000000.0,19013000000.0,2507500000.0,3499000000.0,3619500000.0,8920000000.0,556000000.0,8920000000.0,8920000000.0,1179500000.0,208148000000.0,3270000000.0,351500000.0,208148000000.0,965500000.0,208148000000.0,1193693000000.0,46040000000.0,3253000000.0,23762000000.0,7055000000.0,16707000000.0,23000000.0,-11860150000.0,23000000.0,1679000000.0,7943000000.0,4396500000.0,377000000.0,0.0,25382000000.0,1651000000.0,743000000.0,4280500000.0,1782000000.0,997000000.0,1572550000.0,80105000000.0,80105000000.0,-87000000.0,4891000000.0,7264000000.0,58661000000.0
MSFT,0.0013880634085379,402.15522654128176,405.8784234072127,8.85653816829247,0.0362853552001219,21911992.443349756,1.46,7.53,6.07,15.06,UNDER_PERF,3.0,80300109.0,203250000.0,7434000000.0,7434000000.0,33315000000.0,67127000000.0,121660000000.0,320107000000.0,34448000000.0,121660000000.0,15497000000.0,268477000000.0,13175000000.0,311165000000.0,268477000000.0,268477000000.0,-5590000000.0,-5590000000.0,173144000000.0,12955391000.0,100923000000.0,100923000000.0,0.0,243686000000.0,118400000000.0,27064000000.0,27931000000.0,5220000000.0,2602000000.0,58185000000.0,15497000000.0,42688000000.0,125286000000.0,19185000000.0,57582000000.0,57582000000.0,8942000000.0,556000000.0,8942000000.0,2038000000.0,12564000000.0,27013000000.0,3270000000.0,351500000.0,27013000000.0,5017000000.0,21996000000.0,512163000000.0,352429000000.0,36460000000.0,146817000000.0,27597000000.0,119220000000.0,154552000000.0,-76421000000.0,230973000000.0,1679000000.0,100312000000.0,93943000000.0,8163000000.0,0.0,159734000000.0,26021000000.0,743000000.0,1246000000.0,845000000.0,7000000.0,394000000.0,56924000000.0,56924000000.0,-830000000.0,57754000000.0,75531000000.0,18315000000.0
NKE,0.0003092818225034,94.56992193230232,95.18207097035533,3.3633702421554426,-0.0163677947551398,11001555.399014778,2.98,9.99,6.65,19.61,UNDER_PERF,3.0,80300109.0,203250000.0,1510897252.0,1510897252.0,22930350000.0,11952000000.0,13931000000.0,23339000000.0,14789000000.0,13931000000.0,3043000000.0,14430000000.0,13175000000.0,22333000000.0,14430000000.0,14430000000.0,53000000.0,53000000.0,965000000.0,13409000000.0,3000000.0,3000000.0,0.0,23680000000.0,13087000000.0,2618000000.0,2182000000.0,3278500000.0,1970500000.0,10469000000.0,2566000000.0,7903000000.0,10593000000.0,2507500000.0,3499000000.0,3619500000.0,1483000000.0,477000000.0,1006000000.0,1000000000.0,1869000000.0,5959000000.0,2011000000.0,351500000.0,3948000000.0,534000000.0,2851000000.0,38110000000.0,12728000000.0,4511000000.0,499000000.0,259000000.0,240000000.0,7718000000.0,-5914000000.0,13632000000.0,193000000.0,4930000000.0,3439000000.0,329000000.0,0.0,25382000000.0,1854000000.0,743000000.0,7519000000.0,7519000000.0,997000000.0,1572550000.0,4427000000.0,4427000000.0,-35000000.0,4462000000.0,11582000000.0,9860000000.0
NOW,0.0021459545525972,733.4007887156736,737.0136423708356,22.986610336969807,0.0624802645024064,1275312.6995073892,3.99,6.04,6.57,16.59,UNDER_PERF,0.0,895000.0,203250000.0,204724000.0,205619000.0,22930350000.0,2284000000.0,6173000000.0,9116000000.0,412000000.0,6173000000.0,796000000.0,7628000000.0,13175000000.0,9116000000.0,7628000000.0,7628000000.0,-37000000.0,-37000000.0,2069000000.0,6131000000.0,0.0,0.0,0.0,9759000000.0,2394000000.0,118000000.0,2182000000.0,81000000.0,81000000.0,2195000000.0,707000000.0,1488000000.0,7365000000.0,425000000.0,5785000000.0,5785000000.0,89000000.0,89000000.0,2947000000.0,2038000000.0,167000000.0,899000000.0,650000000.0,351500000.0,249000000.0,123000000.0,126000000.0,17387000000.0,9610000000.0,452000000.0,1455000000.0,224000000.0,1231000000.0,2073000000.0,-1285000000.0,3358000000.0,33000000.0,2318000000.0,4396500000.0,377000000.0,0.0,7777000000.0,403000000.0,743000000.0,4280500000.0,1782000000.0,997000000.0,1572550000.0,2036000000.0,2036000000.0,-87000000.0,4891000000.0,4877000000.0,1897000000.0
NVDA,0.0048071215293274,84.21049461364747,84.81224695097725,5.1793980029070426,0.1605348360397154,439685284.1970443,2.3,4.95,6.34,13.59,UNDER_PERF,2.0,80300109.0,203250000.0,24640000000.0,24640000000.0,2429000000.0,11056000000.0,37436000000.0,52687000000.0,33714000000.0,37436000000.0,1347000000.0,42978000000.0,13175000000.0,51437000000.0,42978000000.0,42978000000.0,27000000.0,27000000.0,29817000000.0,13132000000.0,2000000.0,2000000.0,0.0,22750000000.0,12119000000.0,65000000.0,1441000000.0,1035000000.0,573000000.0,9578000000.0,1119000000.0,8459000000.0,10631000000.0,199000000.0,764000000.0,764000000.0,1478000000.0,228000000.0,1250000000.0,1250000000.0,1179500000.0,7775000000.0,4780000000.0,351500000.0,2995000000.0,296000000.0,2699000000.0,65728000000.0,21383000000.0,132000000.0,5542000000.0,1112000000.0,4430000000.0,5260000000.0,-3509000000.0,8769000000.0,189000000.0,5200000000.0,1816000000.0,218000000.0,0.0,44345000000.0,3080000000.0,743000000.0,5282000000.0,2058000000.0,1505000000.0,1719000000.0,9999000000.0,9999000000.0,-87000000.0,4891000000.0,25984000000.0,7280000000.0
OXY,-0.0009317736083495,60.31630466608531,60.59039404167319,1.4793590969034454,-0.0168289558228601,8635399.684729064,24.98,9.7,6.97,41.66,LEAD_PERF,2.0,228053397.0,203250000.0,879463103.0,1107516500.0,17575000000.0,20911000000.0,21963000000.0,40964000000.0,-773000000.0,30250000000.0,1910000000.0,21963000000.0,8287000000.0,48195000000.0,30349000000.0,30250000000.0,275000000.0,275000000.0,19626000000.0,17422000000.0,8509000000.0,222000000.0,8287000000.0,43659000000.0,34511000000.0,3782000000.0,2182000000.0,5764000000.0,1970500000.0,19263000000.0,1318000000.0,17945000000.0,9148000000.0,2507500000.0,3499000000.0,3619500000.0,1648000000.0,592000000.0,1056000000.0,1056000000.0,1179500000.0,7500000000.0,3854000000.0,351500000.0,3646000000.0,965500000.0,3646000000.0,74008000000.0,65633000000.0,2750000000.0,18501000000.0,3680250000.0,12594000000.0,59659000000.0,-68282000000.0,127941000000.0,1679000000.0,7943000000.0,4396500000.0,377000000.0,0.0,8375000000.0,1732000000.0,743000000.0,2022000000.0,1027000000.0,997000000.0,1103000000.0,3195000000.0,3195000000.0,-29000000.0,3224000000.0,1426000000.0,1426000000.0
PANW,0.001934832451968,304.52197370406384,305.96222312063543,13.302248119365483,0.0544953453971295,4361889.359605911,0.7,7.62,5.6,13.92,UNDER_PERF,1.0,80300109.0,203250000.0,325100000.0,325100000.0,22930350000.0,1344400000.0,1444700000.0,6133600000.0,-833000000.0,1444700000.0,380500000.0,5169700000.0,13175000000.0,5169700000.0,5169700000.0,5169700000.0,-1600000.0,-1600000.0,1350200000.0,12955391000.0,3821100000.0,3821100000.0,0.0,14821200000.0,7138500000.0,430900000.0,2182000000.0,6327100000.0,5939400000.0,380500000.0,380500000.0,19666000000.0,7682700000.0,2507500000.0,5541100000.0,5541100000.0,963900000.0,556000000.0,963900000.0,963900000.0,554700000.0,623000000.0,506700000.0,351500000.0,116300000.0,965500000.0,116300000.0,19990900000.0,13141200000.0,352900000.0,3725000000.0,374900000.0,3350100000.0,747000000.0,-559200000.0,1306200000.0,1679000000.0,514700000.0,4396500000.0,87200000.0,0.0,6849700000.0,557400000.0,743000000.0,4280500000.0,1782000000.0,997000000.0,1572550000.0,3344500000.0,2618600000.0,-7500000.0,2626100000.0,2578800000.0,1535200000.0
PYPL,0.0015724086798376,61.81434530495574,61.787210651253744,2.0111278598758795,0.0402898333088321,14715979.586206896,2.83,9.19,5.75,17.77,UNDER_PERF,2.0,245000000.0,203250000.0,1072000000.0,1317000000.0,595000000.0,9676000000.0,9488000000.0,30727000000.0,14103000000.0,9488000000.0,1910000000.0,21051000000.0,13175000000.0,30727000000.0,21051000000.0,21051000000.0,-746000000.0,-746000000.0,23200000000.0,19642000000.0,0.0,0.0,0.0,61115000000.0,12649000000.0,2973000000.0,2182000000.0,3278500000.0,1970500000.0,9676000000.0,1973000000.0,9676000000.0,48466000000.0,2507500000.0,3499000000.0,3619500000.0,3086200000.0,556000000.0,2947000000.0,2038000000.0,1179500000.0,48466000000.0,6392000000.0,351500000.0,42074000000.0,965500000.0,42074000000.0,82166000000.0,19597000000.0,3273000000.0,11563000000.0,537000000.0,11026000000.0,1488000000.0,-6948000000.0,8436000000.0,34000000.0,7752000000.0,4396500000.0,333000000.0,0.0,62569000000.0,2509000000.0,743000000.0,4280500000.0,1782000000.0,997000000.0,1572550000.0,46000000000.0,40004000000.0,-87000000.0,4891000000.0,14057000000.0,9081000000.0
RY,0.0016224549249018,99.2062062652326,99.2856945930337,2.1008164144662684,0.0559512963215292,1105643.2413793104,1.94,13.55,8.86,24.35,AVG_PERF,3.0,1862000.0,102000000.0,1400510572.0,1402372572.0,301512000000.0,439351000000.0,91837000000.0,544925000000.0,2213000000.0,99160000000.0,4764000000.0,110338000000.0,7323000000.0,440784000000.0,117760000000.0,117661000000.0,-1743101000.0,-1380000000.0,84328000000.0,12955391000.0,26721000000.0,19398000000.0,7323000000.0,1887232000000.0,28684000000.0,1957000000.0,2182000000.0,4256000000.0,3830000000.0,327234000000.0,4111000000.0,323123000000.0,19013000000.0,2507500000.0,3499000000.0,3619500000.0,112117000000.0,653000000.0,111464000000.0,4507000000.0,1179500000.0,34622000000.0,9088000000.0,351500000.0,25534000000.0,2959000000.0,20600000000.0,2004992000000.0,46040000000.0,3253000000.0,18501000000.0,5907000000.0,12594000000.0,6749000000.0,-6085000000.0,12834000000.0,108000000.0,2118000000.0,7144000000.0,140000000.0,0.0,25382000000.0,1651000000.0,743000000.0,4280500000.0,1782000000.0,997000000.0,1572550000.0,29869000000.0,12148000000.0,-87000000.0,4891000000.0,7264000000.0,133075000000.0
SBUX,0.0006428031317504,87.7571809629514,87.0047373796859,2.8694684878291365,0.012060101853236,10844662.433497537,5.79,14.62,4.27,24.67,AVG_PERF,3.0,80300109.0,203250000.0,1142600000.0,1142600000.0,11848200000.0,24599800000.0,-11333600000.0,7404900000.0,-2041900000.0,-11333600000.0,9200100000.0,-7994800000.0,13175000000.0,5552800000.0,-7987800000.0,-7994800000.0,-778200000.0,-778200000.0,-7255800000.0,38100000.0,1100000.0,1100000.0,0.0,37433300000.0,28088000000.0,513800000.0,2182000000.0,6101800000.0,6101800000.0,21472400000.0,7924800000.0,13547600000.0,9345300000.0,2507500000.0,1700200000.0,1700200000.0,3127400000.0,1275300000.0,1852100000.0,1852100000.0,1179500000.0,4517700000.0,1920200000.0,351500000.0,2597500000.0,402000000.0,1544300000.0,29445500000.0,22142100000.0,546500000.0,3338800000.0,120500000.0,3218300000.0,15799700000.0,-9923100000.0,25722800000.0,607500000.0,1664500000.0,666500000.0,46100000.0,0.0,7303400000.0,359900000.0,743000000.0,1806400000.0,644900000.0,997000000.0,1161500000.0,1184100000.0,1184100000.0,-23800000.0,1207900000.0,3953000000.0,3551500000.0
SHEL.L,-6.745731768103609e-05,2601.397163917054,2600.24791965554,49.1837004552253,0.0050510392035031,14344568.728195123,18.57,8.11,7.0,33.68,OUT_PERF,4.0,0.0,203250000.0,6524109049.0,6524109049.0,15058000000.0,81541000000.0,159694000000.0,240439000000.0,38648000000.0,159694000000.0,27709000000.0,186607000000.0,13175000000.0,235151000000.0,188362000000.0,186607000000.0,-1743101000.0,-1380000000.0,165915000000.0,390000000.0,544000000.0,544000000.0,0.0,217908000000.0,122441000000.0,1957000000.0,3103000000.0,3278500000.0,1970500000.0,71610000000.0,23066000000.0,48544000000.0,95467000000.0,2507500000.0,3499000000.0,3619500000.0,9931000000.0,4643000000.0,5288000000.0,2038000000.0,1179500000.0,9923000000.0,3270000000.0,351500000.0,58524000000.0,6527000000.0,34591000000.0,406270000000.0,272155000000.0,3253000000.0,26913000000.0,10253000000.0,16660000000.0,194835000000.0,-260235000000.0,455070000000.0,1679000000.0,7943000000.0,4396500000.0,377000000.0,294305000000.0,134115000000.0,1651000000.0,6156000000.0,26019000000.0,22232000000.0,997000000.0,1679000000.0,8796000000.0,36273000000.0,-600000000.0,36873000000.0,38774000000.0,38774000000.0
SO,0.0013929290770623,73.04257080340078,72.54838692215253,1.337420223657449,0.0454333865488731,4464617.201970443,14.68,11.0,7.3,32.98,OUT_PERF,2.0,1000000.0,203250000.0,1090814507.0,1091814507.0,61252000000.0,63490000000.0,25915000000.0,93444000000.0,-3035000000.0,25915000000.0,1490000000.0,31444000000.0,13175000000.0,88654000000.0,35225000000.0,31444000000.0,-177000000.0,-177000000.0,12482000000.0,13775000000.0,5423000000.0,5423000000.0,0.0,104106000000.0,90639000000.0,1957000000.0,2182000000.0,18762000000.0,1970500000.0,58517000000.0,1307000000.0,57210000000.0,13467000000.0,1678000000.0,503000000.0,503000000.0,4973000000.0,183000000.0,4790000000.0,2476000000.0,1151000000.0,4418000000.0,652000000.0,652000000.0,3766000000.0,868000000.0,2898000000.0,139331000000.0,128899000000.0,3253000000.0,5529000000.0,368000000.0,5161000000.0,101941000000.0,-37725000000.0,139666000000.0,7784000000.0,7943000000.0,4396500000.0,377000000.0,0.0,10432000000.0,1927000000.0,406000000.0,3352000000.0,1782000000.0,997000000.0,1572550000.0,3963000000.0,2030000000.0,-87000000.0,4891000000.0,748000000.0,748000000.0
TDG,0.0022307748102558,1152.3628962700973,1164.4008577282025,27.57593313414121,0.0727055693062043,222647.6551724138,12.01,17.71,9.0,38.72,OUT_PERF,2.0,5688639.0,203250000.0,55306874.0,60995513.0,16278000000.0,19766000000.0,-13719000000.0,17766000000.0,5159000000.0,-13719000000.0,16000000.0,-1984000000.0,13175000000.0,17346000000.0,-1978000000.0,-1984000000.0,-98000000.0,-98000000.0,-2621000000.0,2440000000.0,1000000.0,1000000.0,0.0,21948000000.0,20369000000.0,412000000.0,2182000000.0,627000000.0,1970500000.0,19330000000.0,1973000000.0,19330000000.0,1579000000.0,174000000.0,79000000.0,79000000.0,436000000.0,16000000.0,420000000.0,420000000.0,217000000.0,615000000.0,153000000.0,125000000.0,462000000.0,138000000.0,305000000.0,19970000000.0,13232000000.0,242000000.0,11735000000.0,2747000000.0,8988000000.0,1255000000.0,-870000000.0,2125000000.0,105000000.0,1334000000.0,567000000.0,119000000.0,0.0,6738000000.0,420000000.0,743000000.0,1616000000.0,226000000.0,455000000.0,1144000000.0,1230000000.0,1230000000.0,-31000000.0,1261000000.0,3472000000.0,3472000000.0
TJX,0.0012819811376121,99.3990957088225,99.00325506318288,1.7955316793242295,0.0412656567401892,5411135.379310345,1.89,7.65,4.84,14.38,UNDER_PERF,2.0,80300109.0,203250000.0,1133586545.0,1133586545.0,22930350000.0,12542000000.0,7207000000.0,10164000000.0,2213000000.0,7207000000.0,9680000000.0,7302000000.0,13175000000.0,10164000000.0,7302000000.0,7302000000.0,-532000000.0,-532000000.0,6700000000.0,0.0,1134000000.0,1134000000.0,0.0,22445000000.0,11994000000.0,17000000.0,2182000000.0,350000000.0,1970500000.0,10922000000.0,8060000000.0,2862000000.0,10451000000.0,1399000000.0,3499000000.0,3619500000.0,1620000000.0,1620000000.0,2947000000.0,2038000000.0,1399000000.0,6033000000.0,1398000000.0,351500000.0,4635000000.0,390000000.0,3862000000.0,29747000000.0,17083000000.0,849000000.0,95000000.0,3680250000.0,95000000.0,15967000000.0,-8048000000.0,24015000000.0,1679000000.0,8134000000.0,4396500000.0,2179000000.0,0.0,12664000000.0,511000000.0,743000000.0,5965000000.0,5965000000.0,997000000.0,1572550000.0,588000000.0,529000000.0,-87000000.0,4891000000.0,5600000000.0,5600000000.0
TMUS,0.001597213879293,165.41815022153406,164.9320903461385,2.7436515474008294,0.0504810495089742,4595409.714285715,4.19,13.38,7.07,24.63,AVG_PERF,3.0,67096823.0,203250000.0,1195807331.0,1262904154.0,69883000000.0,113086000000.0,-46844000000.0,139733000000.0,-1913000000.0,-46844000000.0,38068000000.0,64715000000.0,13175000000.0,136114000000.0,64715000000.0,64715000000.0,-964000000.0,-964000000.0,7347000000.0,67705000000.0,0.0,0.0,0.0,142967000000.0,122039000000.0,3929000000.0,2182000000.0,13458000000.0,1970500000.0,104652000000.0,33253000000.0,71399000000.0,20928000000.0,1296000000.0,825000000.0,825000000.0,8434000000.0,4815000000.0,3619000000.0,3619000000.0,1179500000.0,10373000000.0,3096000000.0,818000000.0,7277000000.0,1704000000.0,5573000000.0,207682000000.0,188667000000.0,4229000000.0,111559000000.0,99325000000.0,12234000000.0,70837000000.0,-58481000000.0,129318000000.0,3286000000.0,22573000000.0,4465000000.0,72000000.0,0.0,19015000000.0,2352000000.0,702000000.0,1678000000.0,1782000000.0,997000000.0,1572550000.0,9148000000.0,4692000000.0,-161000000.0,4853000000.0,5135000000.0,5135000000.0
TSLA,0.0008110613723838,206.22816965979047,203.5071000599411,12.223149841579875,0.0089346723925722,102878015.53694582,3.31,14.08,7.85,25.23,AVG_PERF,3.0,0.0,203250000.0,3185000000.0,3185000000.0,22930350000.0,9573000000.0,62019000000.0,67291000000.0,20868000000.0,62019000000.0,4916000000.0,62634000000.0,13175000000.0,65316000000.0,63609000000.0,62634000000.0,-143000000.0,-143000000.0,27882000000.0,34892000000.0,3000000.0,3000000.0,0.0,43009000000.0,14261000000.0,876000000.0,2182000000.0,3251000000.0,3251000000.0,6528000000.0,3846000000.0,2682000000.0,28748000000.0,517000000.0,3740000000.0,3740000000.0,3045000000.0,1070000000.0,1975000000.0,1975000000.0,1179500000.0,19681000000.0,4046000000.0,351500000.0,15635000000.0,1204000000.0,14431000000.0,106618000000.0,57002000000.0,4531000000.0,615000000.0,362000000.0,253000000.0,45123000000.0,-15080000000.0,60203000000.0,5804000000.0,27540000000.0,4396500000.0,9505000000.0,6859000000.0,49616000000.0,3388000000.0,743000000.0,13626000000.0,5049000000.0,2016000000.0,5390000000.0,3508000000.0,3508000000.0,-87000000.0,4891000000.0,29094000000.0,16398000000.0
TT,0.0028109755738103,285.7299755931412,287.4177022278983,7.803269002612625,0.0850327346440099,1135202.6896551724,4.39,5.71,5.11,15.2,UNDER_PERF,2.0,24500713.0,203250000.0,227173161.0,251673874.0,3684500000.0,4779800000.0,-2539900000.0,11775000000.0,816400000.0,-2539900000.0,1910000000.0,6995200000.0,13175000000.0,10973100000.0,7017000000.0,6995200000.0,-670800000.0,-670800000.0,9133700000.0,12955391000.0,251700000.0,251700000.0,0.0,12374900000.0,6321400000.0,1042900000.0,2182000000.0,703700000.0,1970500000.0,3977900000.0,1973000000.0,3977900000.0,6053500000.0,2507500000.0,3499000000.0,3619500000.0,801900000.0,556000000.0,801900000.0,7500000.0,591700000.0,4659900000.0,2634700000.0,351500000.0,2025200000.0,965500000.0,2025200000.0,19391900000.0,12522000000.0,1214700000.0,9535100000.0,3439800000.0,6095300000.0,1772200000.0,-2048700000.0,3820900000.0,1679000000.0,2945800000.0,832800000.0,42300000.0,0.0,6869900000.0,665700000.0,743000000.0,2152100000.0,1332300000.0,385100000.0,605100000.0,2956800000.0,2956800000.0,-87000000.0,4891000000.0,1095300000.0,1095300000.0
UBS,0.0011997685880676,28.54254073810168,28.80704885122911,0.8965853461442644,0.0372086054208464,2626993.7536945813,1.04,12.48,14.69,28.21,AVG_PERF,4.0,253233437.0,203250000.0,3208854285.0,3462087722.0,54971000000.0,377685000000.0,78593000000.0,458291000000.0,2213000000.0,78593000000.0,5502000000.0,86108000000.0,13175000000.0,419761000000.0,86639000000.0,86108000000.0,2462000000.0,2462000000.0,74880000000.0,13216000000.0,346000000.0,346000000.0,0.0,1630607000000.0,28684000000.0,1957000000.0,2182000000.0,960000000.0,635000000.0,339155000000.0,5502000000.0,333653000000.0,19013000000.0,2507500000.0,3499000000.0,3619500000.0,38530000000.0,556000000.0,38530000000.0,38530000000.0,1179500000.0,96646000000.0,3270000000.0,351500000.0,93376000000.0,2580000000.0,49214000000.0,1717246000000.0,46040000000.0,3253000000.0,7515000000.0,1472000000.0,6043000000.0,17849000000.0,-18064000000.0,35912000000.0,863000000.0,11726000000.0,4396500000.0,377000000.0,0.0,25382000000.0,1651000000.0,2080000000.0,4280500000.0,1782000000.0,997000000.0,1572550000.0,85972000000.0,26819000000.0,-87000000.0,4891000000.0,7264000000.0,317212000000.0
UNP,0.0008806020814252,233.0974236484249,234.2688555879413,4.605165120622744,0.0301400614901337,2316991.6650246307,7.3,10.55,5.6,23.45,AVG_PERF,2.0,503150992.0,203250000.0,609703814.0,1112854806.0,31524000000.0,34179000000.0,13974000000.0,47367000000.0,-958000000.0,13974000000.0,1600000000.0,14788000000.0,13175000000.0,45944000000.0,14788000000.0,14788000000.0,-614000000.0,-614000000.0,62093000000.0,5193000000.0,2782000000.0,2782000000.0,0.0,52344000000.0,47238000000.0,1714000000.0,2182000000.0,13123000000.0,1970500000.0,32401000000.0,1245000000.0,31156000000.0,5106000000.0,460000000.0,3499000000.0,3619500000.0,1778000000.0,355000000.0,1423000000.0,1423000000.0,533000000.0,2335000000.0,696000000.0,389000000.0,1639000000.0,685000000.0,856000000.0,67132000000.0,62984000000.0,1338000000.0,814000000.0,814000000.0,12594000000.0,58227000000.0,-23761000000.0,81988000000.0,1173000000.0,7943000000.0,4396500000.0,65768000000.0,0.0,4148000000.0,261000000.0,743000000.0,743000000.0,1782000000.0,997000000.0,1572550000.0,2073000000.0,2073000000.0,-87000000.0,4891000000.0,1071000000.0,1055000000.0
VZ,0.0016566814674185,38.451906891851465,38.69017537386912,0.8545843773807988,0.0452747896506548,19249006.21674877,3.74,9.59,5.39,18.73,UNDER_PERF,3.0,87172997.0,203250000.0,4204260649.0,4291433646.0,148609000000.0,174942000000.0,-97137000000.0,243104000000.0,-16409000000.0,-97137000000.0,24268000000.0,92430000000.0,13175000000.0,230131000000.0,93799000000.0,92430000000.0,-1380000000.0,-1380000000.0,82915000000.0,13631000000.0,429000000.0,429000000.0,0.0,286456000000.0,233233000000.0,16560000000.0,2182000000.0,45781000000.0,1970500000.0,157703000000.0,20002000000.0,137701000000.0,53223000000.0,2755000000.0,6955000000.0,6955000000.0,17239000000.0,4266000000.0,12973000000.0,12973000000.0,1179500000.0,26274000000.0,10820000000.0,1570000000.0,15454000000.0,2612000000.0,10021000000.0,380255000000.0,343441000000.0,19885000000.0,189567000000.0,166724000000.0,22843000000.0,133036000000.0,-211798000000.0,344834000000.0,12092000000.0,181615000000.0,36940000000.0,751000000.0,0.0,36814000000.0,1651000000.0,1956000000.0,2057000000.0,1782000000.0,997000000.0,1572550000.0,25085000000.0,25085000000.0,-1017000000.0,26102000000.0,2065000000.0,2065000000.0
WMT,0.0016930912717074,60.68451571239422,60.18627692276576,1.2473786728248186,0.0543047699238728,18991015.97044335,5.86,12.36,7.05,25.26,AVG_PERF,3.0,80300109.0,203250000.0,8054000001.0,8054000001.0,30590000000.0,61321000000.0,55748000000.0,124318000000.0,-15538000000.0,55748000000.0,20864000000.0,83861000000.0,13175000000.0,119993000000.0,90571000000.0,83861000000.0,-11302000000.0,-801000000.0,89814000000.0,4544000000.0,805000000.0,805000000.0,0.0,161828000000.0,69413000000.0,14629000000.0,2182000000.0,3278500000.0,1970500000.0,54784000000.0,18652000000.0,36132000000.0,92415000000.0,2507500000.0,2664000000.0,2664000000.0,6537000000.0,2212000000.0,4325000000.0,4325000000.0,1179500000.0,83214000000.0,22636000000.0,351500000.0,60578000000.0,3766000000.0,56812000000.0,252399000000.0,175522000000.0,17071000000.0,28113000000.0,3680250000.0,28113000000.0,130338000000.0,-109049000000.0,239387000000.0,13390000000.0,75140000000.0,111767000000.0,19562000000.0,0.0,76877000000.0,3322000000.0,743000000.0,54892000000.0,1782000000.0,997000000.0,1572550000.0,8796000000.0,8796000000.0,-87000000.0,4891000000.0,9867000000.0,9867000000.0
